txn_date,filed_at,accession_no,ticker,company_name,cik,exchange,sic_code,sic_industry,sic_major_group,insider_name,insider_cik,insider_title,is_director,is_officer,is_ten_percent,txn_code,shares,price_per_share,total_value_usd,shares_owned_after,ownership_form,market_cap_usd,ratio_to_mcap
2026-09-28,2026-09-29 00:00:00,0001437749-26-031438,RCG,"RENN Fund, Inc.",0000919567,AMEX,,,,HORIZON KINETICS ASSET MANAGEMENT LLC,0001056823,,false,false,true,P,756.0,3.04,2298.2400000000002,975000.0,D,20766726.827630997,0.00011066934231263137
2026-09-25,2026-09-28 00:00:00,0001437749-26-031300,RCG,"RENN Fund, Inc.",0000919567,AMEX,,,,HORIZON KINETICS ASSET MANAGEMENT LLC,0001056823,,false,false,true,P,756.0,3.02,2283.12,974244.0,D,20766726.827630997,0.00010994125453425879
2026-09-24,2026-09-25 00:00:00,0001437749-26-031189,RCG,"RENN Fund, Inc.",0000919567,AMEX,,,,HORIZON KINETICS ASSET MANAGEMENT LLC,0001056823,,false,false,true,P,756.0,3.04,2298.2400000000002,973488.0,D,20766726.827630997,0.00011066934231263137
2026-09-23,2026-09-24 00:00:00,0001437749-26-031126,RCG,"RENN Fund, Inc.",0000919567,AMEX,,,,HORIZON KINETICS ASSET MANAGEMENT LLC,0001056823,,false,false,true,P,756.0,3.05,2305.7999999999997,972732.0,D,20766726.827630997,0.00011103338620181764
2026-09-22,2026-09-23 00:00:00,0001437749-26-031017,RCG,"RENN Fund, Inc.",0000919567,AMEX,,,,HORIZON KINETICS ASSET MANAGEMENT LLC,0001056823,,false,false,true,P,756.0,3.05,2305.7999999999997,971976.0,D,20766726.827630997,0.00011103338620181764
2026-09-21,2026-09-22 00:00:00,0001437749-26-030869,RCG,"RENN Fund, Inc.",0000919567,AMEX,,,,HORIZON KINETICS ASSET MANAGEMENT LLC,0001056823,,false,false,true,P,756.0,3.05,2305.7999999999997,971220.0,D,20766726.827630997,0.00011103338620181764
2026-09-18,2026-09-21 00:00:00,0001437749-26-030794,RCG,"RENN Fund, Inc.",0000919567,AMEX,,,,HORIZON KINETICS ASSET MANAGEMENT LLC,0001056823,,false,false,true,P,756.0,3.04,2298.2400000000002,970464.0,D,20766726.827630997,0.00011066934231263137
2026-09-17,2026-09-18 00:00:00,0001437749-26-030720,RCG,"RENN Fund, Inc.",0000919567,AMEX,,,,HORIZON KINETICS ASSET MANAGEMENT LLC,0001056823,,false,false,true,P,756.0,3.04,2298.2400000000002,969708.0,D,20766726.827630997,0.00011066934231263137
2026-09-16,2026-09-17 00:00:00,0001437749-26-030610,RCG,"RENN Fund, Inc.",0000919567,AMEX,,,,HORIZON KINETICS ASSET MANAGEMENT LLC,0001056823,,false,false,true,P,756.0,3.04,2298.2400000000002,968952.0,D,20766726.827630997,0.00011066934231263137
2026-09-15,2026-09-16 00:00:00,0001437749-26-030533,RCG,"RENN Fund, Inc.",0000919567,AMEX,,,,HORIZON KINETICS ASSET MANAGEMENT LLC,0001056823,,false,false,true,P,756.0,3.05,2305.7999999999997,968196.0,D,20766726.827630997,0.00011103338620181764
2026-09-14,2026-09-15 00:00:00,0001437749-26-030424,RCG,"RENN Fund, Inc.",0000919567,AMEX,,,,HORIZON KINETICS ASSET MANAGEMENT LLC,0001056823,,false,false,true,P,756.0,3.05,2305.7999999999997,967440.0,D,20766726.827630997,0.00011103338620181764
2026-09-11,2026-09-14 00:00:00,0001437749-26-030247,RCG,"RENN Fund, Inc.",0000919567,AMEX,,,,HORIZON KINETICS ASSET MANAGEMENT LLC,0001056823,,false,false,true,P,756.0,2.98,2252.88,966684.0,D,20766726.827630997,0.00010848507897751365
2026-09-10,2026-09-11 00:00:00,0001437749-26-030136,RCG,"RENN Fund, Inc.",0000919567,AMEX,,,,HORIZON KINETICS ASSET MANAGEMENT LLC,0001056823,,false,false,true,P,756.0,2.94,2222.64,965928.0,D,20766726.827630997,0.00010702890342076848
2026-09-09,2026-09-10 00:00:00,0001437749-26-030042,RCG,"RENN Fund, Inc.",0000919567,AMEX,,,,HORIZON KINETICS ASSET MANAGEMENT LLC,0001056823,,false,false,true,P,756.0,2.95,2230.2000000000003,965172.0,D,20766726.827630997,0.0001073929473099548
2026-09-08,2026-09-10 00:00:00,0001437749-26-030042,RCG,"RENN Fund, Inc.",0000919567,AMEX,,,,HORIZON KINETICS ASSET MANAGEMENT LLC,0001056823,,false,false,true,P,756.0,2.95,2230.2000000000003,964416.0,D,20766726.827630997,0.0001073929473099548
2026-09-04,2026-09-08 00:00:00,0001437749-26-029770,RCG,"RENN Fund, Inc.",0000919567,AMEX,,,,HORIZON KINETICS ASSET MANAGEMENT LLC,0001056823,,false,false,true,P,756.0,2.9,2192.4,963660.0,D,20766726.827630997,0.00010557272786402335
2026-09-03,2026-09-04 00:00:00,0001437749-26-029683,RCG,"RENN Fund, Inc.",0000919567,AMEX,,,,HORIZON KINETICS ASSET MANAGEMENT LLC,0001056823,,false,false,true,P,756.0,2.95,2230.2000000000003,962904.0,D,20766726.827630997,0.0001073929473099548
2026-09-02,2026-09-03 00:00:00,0001437749-26-029569,RCG,"RENN Fund, Inc.",0000919567,AMEX,,,,HORIZON KINETICS ASSET MANAGEMENT LLC,0001056823,,false,false,true,P,756.0,2.95,2230.2000000000003,962148.0,D,20766726.827630997,0.0001073929473099548
2026-09-01,2026-09-02 00:00:00,0001437749-26-029505,RCG,"RENN Fund, Inc.",0000919567,AMEX,,,,HORIZON KINETICS ASSET MANAGEMENT LLC,0001056823,,false,false,true,P,756.0,2.95,2230.2000000000003,961392.0,D,20766726.827630997,0.0001073929473099548
2026-08-31,2026-09-01 00:00:00,0001437749-26-029374,RCG,"RENN Fund, Inc.",0000919567,AMEX,,,,HORIZON KINETICS ASSET MANAGEMENT LLC,0001056823,,false,false,true,P,756.0,2.95,2230.2000000000003,960636.0,D,20766726.827630997,0.0001073929473099548
2026-08-28,2026-08-31 00:00:00,0001437749-26-029279,RCG,"RENN Fund, Inc.",0000919567,AMEX,,,,HORIZON KINETICS ASSET MANAGEMENT LLC,0001056823,,false,false,true,P,756.0,2.95,2230.2000000000003,959880.0,D,20766726.827630997,0.0001073929473099548
2026-08-27,2026-08-28 00:00:00,0001437749-26-029140,RCG,"RENN Fund, Inc.",0000919567,AMEX,,,,Kesslen Jay H,0001525039,Vice-President,false,true,false,P,1000.0,2.95,2950.0,47880.0,D,20766726.827630997,0.0001420541631084058
2026-08-27,2026-08-28 00:00:00,0001437749-26-029139,RCG,"RENN Fund, Inc.",0000919567,AMEX,,,,HORIZON KINETICS ASSET MANAGEMENT LLC,0001056823,,false,false,true,P,756.0,2.94,2222.64,959124.0,D,20766726.827630997,0.00010702890342076848
2026-08-26,2026-08-27 00:00:00,0001437749-26-029091,RCG,"RENN Fund, Inc.",0000919567,AMEX,,,,Kesslen Jay H,0001525039,Vice-President,false,true,false,P,1000.0,2.95,2950.0,46880.0,D,20766726.827630997,0.0001420541631084058
2026-08-26,2026-08-27 00:00:00,0001437749-26-029076,RCG,"RENN Fund, Inc.",0000919567,AMEX,,,,HORIZON KINETICS ASSET MANAGEMENT LLC,0001056823,,false,false,true,P,756.0,2.95,2230.2000000000003,958368.0,D,20766726.827630997,0.0001073929473099548
2026-08-25,2026-08-26 00:00:00,0001437749-26-028968,RCG,"RENN Fund, Inc.",0000919567,AMEX,,,,Kesslen Jay H,0001525039,Vice-President,false,true,false,P,1000.0,2.93,2930.0,45880.0,D,20766726.827630997,0.0001410910840364844
2026-08-25,2026-08-26 00:00:00,0001437749-26-028959,RCG,"RENN Fund, Inc.",0000919567,AMEX,,,,HORIZON KINETICS ASSET MANAGEMENT LLC,0001056823,,false,false,true,P,756.0,2.95,2230.2000000000003,957612.0,D,20766726.827630997,0.0001073929473099548
2026-08-24,2026-08-24 00:00:00,0001437749-26-028821,RCG,"RENN Fund, Inc.",0000919567,AMEX,,,,Kesslen Jay H,0001525039,Vice-President,false,true,false,P,1000.0,2.95,2950.0,44880.0,D,20766726.827630997,0.0001420541631084058
2026-08-24,2026-08-25 00:00:00,0001437749-26-028889,RCG,"RENN Fund, Inc.",0000919567,AMEX,,,,HORIZON KINETICS ASSET MANAGEMENT LLC,0001056823,,false,false,true,P,756.0,2.95,2230.2000000000003,956856.0,D,20766726.827630997,0.0001073929473099548
2026-08-21,2026-08-21 00:00:00,0001437749-26-028693,RCG,"RENN Fund, Inc.",0000919567,AMEX,,,,Kesslen Jay H,0001525039,Vice-President,false,true,false,P,1000.0,2.87,2870.0,43880.0,D,20766726.827630997,0.00013820184682072022
2026-08-21,2026-08-24 00:00:00,0001437749-26-028788,RCG,"RENN Fund, Inc.",0000919567,AMEX,,,,HORIZON KINETICS ASSET MANAGEMENT LLC,0001056823,,false,false,true,P,756.0,2.87,2169.7200000000003,956100.0,D,20766726.827630997,0.00010448059619646449
2026-08-20,2026-08-21 00:00:00,0001437749-26-028722,RCG,"RENN Fund, Inc.",0000919567,AMEX,,,,HORIZON KINETICS ASSET MANAGEMENT LLC,0001056823,,false,false,true,P,756.0,2.95,2230.2000000000003,955344.0,D,20766726.827630997,0.0001073929473099548
2026-08-19,2026-08-20 00:00:00,0001437749-26-028620,RCG,"RENN Fund, Inc.",0000919567,AMEX,,,,HORIZON KINETICS ASSET MANAGEMENT LLC,0001056823,,false,false,true,P,756.0,2.88,2177.2799999999997,954588.0,D,20766726.827630997,0.00010484464008565076
2026-08-18,2026-08-19 00:00:00,0001437749-26-028482,RCG,"RENN Fund, Inc.",0000919567,AMEX,,,,HORIZON KINETICS ASSET MANAGEMENT LLC,0001056823,,false,false,true,P,756.0,2.8,2116.7999999999997,953832.0,D,20766726.827630997,0.00010193228897216045
2026-08-17,2026-08-18 00:00:00,0001437749-26-028287,RCG,"RENN Fund, Inc.",0000919567,AMEX,,,,HORIZON KINETICS ASSET MANAGEMENT LLC,0001056823,,false,false,true,P,756.0,2.82,2131.92,953076.0,D,20766726.827630997,0.00010266037675053304
2026-08-14,2026-08-17 00:00:00,0001437749-26-028126,RCG,"RENN Fund, Inc.",0000919567,AMEX,,,,HORIZON KINETICS ASSET MANAGEMENT LLC,0001056823,,false,false,true,P,756.0,2.8,2116.7999999999997,952320.0,D,20766726.827630997,0.00010193228897216045
2026-08-13,2026-08-14 00:00:00,0001437749-26-027866,RCG,"RENN Fund, Inc.",0000919567,AMEX,,,,HORIZON KINETICS ASSET MANAGEMENT LLC,0001056823,,false,false,true,P,756.0,2.9,2192.4,951564.0,D,20766726.827630997,0.00010557272786402335
2026-08-12,2026-08-13 00:00:00,0001437749-26-027542,RCG,"RENN Fund, Inc.",0000919567,AMEX,,,,HORIZON KINETICS ASSET MANAGEMENT LLC,0001056823,,false,false,true,P,756.0,2.9,2192.4,950808.0,D,20766726.827630997,0.00010557272786402335
2026-08-11,2026-08-12 00:00:00,0001437749-26-027250,RCG,"RENN Fund, Inc.",0000919567,AMEX,,,,HORIZON KINETICS ASSET MANAGEMENT LLC,0001056823,,false,false,true,P,756.0,2.99,2260.44,950052.0,D,20766726.827630997,0.00010884912286669993
2026-08-10,2026-08-11 00:00:00,0001437749-26-026896,RCG,"RENN Fund, Inc.",0000919567,AMEX,,,,HORIZON KINETICS ASSET MANAGEMENT LLC,0001056823,,false,false,true,P,756.0,2.96,2237.7599999999998,949296.0,D,20766726.827630997,0.00010775699119914105
2026-08-07,2026-08-10 00:00:00,0001437749-26-026721,RCG,"RENN Fund, Inc.",0000919567,AMEX,,,,HORIZON KINETICS ASSET MANAGEMENT LLC,0001056823,,false,false,true,P,756.0,3.0,2268.0,948540.0,D,20766726.827630997,0.00010921316675588621
2026-08-06,2026-08-07 00:00:00,0001437749-26-026490,RCG,"RENN Fund, Inc.",0000919567,AMEX,,,,HORIZON KINETICS ASSET MANAGEMENT LLC,0001056823,,false,false,true,P,756.0,2.97,2245.32,947784.0,D,20766726.827630997,0.00010812103508832736
2026-08-05,2026-08-06 00:00:00,0001437749-26-026079,RCG,"RENN Fund, Inc.",0000919567,AMEX,,,,HORIZON KINETICS ASSET MANAGEMENT LLC,0001056823,,false,false,true,P,756.0,2.97,2245.32,947028.0,D,20766726.827630997,0.00010812103508832736
2026-08-04,2026-08-05 00:00:00,0001437749-26-025884,RCG,"RENN Fund, Inc.",0000919567,AMEX,,,,HORIZON KINETICS ASSET MANAGEMENT LLC,0001056823,,false,false,true,P,756.0,3.06,2313.36,946272.0,D,20766726.827630997,0.00011139743009100395
2026-08-03,2026-08-04 00:00:00,0001437749-26-025564,RCG,"RENN Fund, Inc.",0000919567,AMEX,,,,HORIZON KINETICS ASSET MANAGEMENT LLC,0001056823,,false,false,true,P,756.0,3.02,2283.12,945516.0,D,20766726.827630997,0.00010994125453425879
2026-07-31,2026-08-03 00:00:00,0001437749-26-025344,RCG,"RENN Fund, Inc.",0000919567,AMEX,,,,HORIZON KINETICS ASSET MANAGEMENT LLC,0001056823,,false,false,true,P,756.0,3.03,2290.68,944760.0,D,20766726.827630997,0.00011030529842344508
2026-07-30,2026-07-31 00:00:00,0001437749-26-025184,RCG,"RENN Fund, Inc.",0000919567,AMEX,,,,HORIZON KINETICS ASSET MANAGEMENT LLC,0001056823,,false,false,true,P,756.0,3.06,2313.36,944004.0,D,20766726.827630997,0.00011139743009100395
2026-07-29,2026-07-30 00:00:00,0001437749-26-025012,RCG,"RENN Fund, Inc.",0000919567,AMEX,,,,HORIZON KINETICS ASSET MANAGEMENT LLC,0001056823,,false,false,true,P,756.0,3.04,2298.2400000000002,943248.0,D,20766726.827630997,0.00011066934231263137
2026-07-28,2026-07-29 00:00:00,0001437749-26-024821,RCG,"RENN Fund, Inc.",0000919567,AMEX,,,,HORIZON KINETICS ASSET MANAGEMENT LLC,0001056823,,false,false,true,P,756.0,3.05,2305.7999999999997,942492.0,D,20766726.827630997,0.00011103338620181764
2026-07-27,2026-07-28 00:00:00,0001437749-26-024576,RCG,"RENN Fund, Inc.",0000919567,AMEX,,,,HORIZON KINETICS ASSET MANAGEMENT LLC,0001056823,,false,false,true,P,756.0,3.03,2290.68,941736.0,D,20766726.827630997,0.00011030529842344508
2026-07-24,2026-07-27 00:00:00,0001437749-26-024483,RCG,"RENN Fund, Inc.",0000919567,AMEX,,,,HORIZON KINETICS ASSET MANAGEMENT LLC,0001056823,,false,false,true,P,756.0,3.02,2283.12,940980.0,D,20766726.827630997,0.00010994125453425879
2026-07-23,2026-07-24 00:00:00,0001437749-26-024386,RCG,"RENN Fund, Inc.",0000919567,AMEX,,,,HORIZON KINETICS ASSET MANAGEMENT LLC,0001056823,,false,false,true,P,756.0,3.06,2313.36,940224.0,D,20766726.827630997,0.00011139743009100395
2026-07-22,2026-07-23 00:00:00,0001437749-26-024257,RCG,"RENN Fund, Inc.",0000919567,AMEX,,,,HORIZON KINETICS ASSET MANAGEMENT LLC,0001056823,,false,false,true,P,756.0,3.06,2313.36,939468.0,D,20766726.827630997,0.00011139743009100395
2026-07-21,2026-07-22 00:00:00,0001437749-26-024055,RCG,"RENN Fund, Inc.",0000919567,AMEX,,,,HORIZON KINETICS ASSET MANAGEMENT LLC,0001056823,,false,false,true,P,756.0,3.07,2320.92,938712.0,D,20766726.827630997,0.00011176147398019024
2026-07-20,2026-07-21 00:00:00,0001437749-26-023926,RCG,"RENN Fund, Inc.",0000919567,AMEX,,,,HORIZON KINETICS ASSET MANAGEMENT LLC,0001056823,,false,false,true,P,756.0,3.03,2290.68,937956.0,D,20766726.827630997,0.00011030529842344508
2026-07-17,2026-07-20 00:00:00,0001437749-26-023835,RCG,"RENN Fund, Inc.",0000919567,AMEX,,,,HORIZON KINETICS ASSET MANAGEMENT LLC,0001056823,,false,false,true,P,756.0,3.02,2283.12,937200.0,D,20766726.827630997,0.00010994125453425879
2026-07-16,2026-07-17 00:00:00,0001437749-26-023748,RCG,"RENN Fund, Inc.",0000919567,AMEX,,,,HORIZON KINETICS ASSET MANAGEMENT LLC,0001056823,,false,false,true,P,756.0,3.02,2283.12,936444.0,D,20766726.827630997,0.00010994125453425879
2026-07-15,2026-07-16 00:00:00,0001437749-26-023688,RCG,"RENN Fund, Inc.",0000919567,AMEX,,,,HORIZON KINETICS ASSET MANAGEMENT LLC,0001056823,,false,false,true,P,756.0,3.0,2268.0,935688.0,D,20766726.827630997,0.00010921316675588621
2026-07-14,2026-07-15 00:00:00,0001437749-26-023600,RCG,"RENN Fund, Inc.",0000919567,AMEX,,,,HORIZON KINETICS ASSET MANAGEMENT LLC,0001056823,,false,false,true,P,756.0,3.02,2283.12,934932.0,D,20766726.827630997,0.00010994125453425879
2026-07-13,2026-07-14 00:00:00,0001437749-26-023488,RCG,"RENN Fund, Inc.",0000919567,AMEX,,,,HORIZON KINETICS ASSET MANAGEMENT LLC,0001056823,,false,false,true,P,756.0,3.0,2268.0,934176.0,D,20766726.827630997,0.00010921316675588621
2026-07-10,2026-07-13 00:00:00,0001437749-26-023388,RCG,"RENN Fund, Inc.",0000919567,AMEX,,,,HORIZON KINETICS ASSET MANAGEMENT LLC,0001056823,,false,false,true,P,756.0,3.02,2283.12,933420.0,D,20766726.827630997,0.00010994125453425879
2026-07-09,2026-07-10 00:00:00,0001437749-26-023262,RCG,"RENN Fund, Inc.",0000919567,AMEX,,,,HORIZON KINETICS ASSET MANAGEMENT LLC,0001056823,,false,false,true,P,756.0,3.02,2283.12,932664.0,D,20766726.827630997,0.00010994125453425879
2026-07-08,2026-07-09 00:00:00,0001437749-26-023132,RCG,"RENN Fund, Inc.",0000919567,AMEX,,,,HORIZON KINETICS ASSET MANAGEMENT LLC,0001056823,,false,false,true,P,756.0,3.02,2283.12,931908.0,D,20766726.827630997,0.00010994125453425879
2026-07-07,2026-07-08 00:00:00,0001437749-26-023020,RCG,"RENN Fund, Inc.",0000919567,AMEX,,,,HORIZON KINETICS ASSET MANAGEMENT LLC,0001056823,,false,false,true,P,756.0,3.04,2298.2400000000002,931152.0,D,20766726.827630997,0.00011066934231263137
2026-07-06,2026-07-07 00:00:00,0001437749-26-022901,RCG,"RENN Fund, Inc.",0000919567,AMEX,,,,HORIZON KINETICS ASSET MANAGEMENT LLC,0001056823,,false,false,true,P,756.0,3.01,2275.56,930396.0,D,20766726.827630997,0.0001095772106450725
2026-07-02,2026-07-06 00:00:00,0001437749-26-022700,RCG,"RENN Fund, Inc.",0000919567,AMEX,,,,HORIZON KINETICS ASSET MANAGEMENT LLC,0001056823,,false,false,true,P,756.0,3.11,2351.16,929640.0,D,20766726.827630997,0.00011321764953693537
2026-07-01,2026-07-02 00:00:00,0001437749-26-022439,RCG,"RENN Fund, Inc.",0000919567,AMEX,,,,HORIZON KINETICS ASSET MANAGEMENT LLC,0001056823,,false,false,true,P,756.0,3.09,2336.04,928884.0,D,20766726.827630997,0.0001124895617585628
2026-06-30,2026-07-01 00:00:00,0001437749-26-022225,RCG,"RENN Fund, Inc.",0000919567,AMEX,,,,HORIZON KINETICS ASSET MANAGEMENT LLC,0001056823,,false,false,true,P,756.0,2.93,2215.08,928128.0,D,20766726.827630997,0.0001066648595315822
2026-06-29,2026-06-30 00:00:00,0001437749-26-022096,RCG,"RENN Fund, Inc.",0000919567,AMEX,,,,HORIZON KINETICS ASSET MANAGEMENT LLC,0001056823,,false,false,true,P,756.0,2.85,2154.6,927372.0,D,20766726.827630997,0.00010375250841809191
2026-06-26,2026-06-29 00:00:00,0001437749-26-021931,RCG,"RENN Fund, Inc.",0000919567,AMEX,,,,HORIZON KINETICS ASSET MANAGEMENT LLC,0001056823,,false,false,true,P,756.0,2.79,2109.2400000000002,926616.0,D,20766726.827630997,0.00010156824508297419
2026-06-25,2026-06-26 00:00:00,0001437749-26-021786,RCG,"RENN Fund, Inc.",0000919567,AMEX,,,,HORIZON KINETICS ASSET MANAGEMENT LLC,0001056823,,false,false,true,P,756.0,2.73,2063.88,925860.0,D,20766726.827630997,9.938398174785647e-05
2026-06-24,2026-06-25 00:00:00,0001437749-26-021637,RCG,"RENN Fund, Inc.",0000919567,AMEX,,,,HORIZON KINETICS ASSET MANAGEMENT LLC,0001056823,,false,false,true,P,756.0,2.76,2086.56,925104.0,D,20766726.827630997,0.00010047611341541532
2026-06-23,2026-06-24 00:00:00,0001437749-26-021526,RCG,"RENN Fund, Inc.",0000919567,AMEX,,,,HORIZON KINETICS ASSET MANAGEMENT LLC,0001056823,,false,false,true,P,756.0,2.75,2079.0,924348.0,D,20766726.827630997,0.00010011206952622903
2026-06-22,2026-06-23 00:00:00,0001437749-26-021379,RCG,"RENN Fund, Inc.",0000919567,AMEX,,,,HORIZON KINETICS ASSET MANAGEMENT LLC,0001056823,,false,false,true,P,756.0,2.78,2101.68,923592.0,D,20766726.827630997,0.00010120420119378788
2026-06-18,2026-06-22 00:00:00,0001437749-26-021288,RCG,"RENN Fund, Inc.",0000919567,AMEX,,,,HORIZON KINETICS ASSET MANAGEMENT LLC,0001056823,,false,false,true,P,756.0,2.83,2139.48,922836.0,D,20766726.827630997,0.00010302442063971933
2026-06-17,2026-06-18 00:00:00,0001437749-26-021056,RCG,"RENN Fund, Inc.",0000919567,AMEX,,,,HORIZON KINETICS ASSET MANAGEMENT LLC,0001056823,,false,false,true,P,756.0,2.85,2154.6,922080.0,D,20766726.827630997,0.00010375250841809191
2026-06-16,2026-06-17 00:00:00,0001437749-26-020964,RCG,"RENN Fund, Inc.",0000919567,AMEX,,,,HORIZON KINETICS ASSET MANAGEMENT LLC,0001056823,,false,false,true,P,756.0,2.74,2071.44,921324.0,D,20766726.827630997,9.974802563704275e-05
2026-06-15,2026-06-16 00:00:00,0001437749-26-020766,RCG,"RENN Fund, Inc.",0000919567,AMEX,,,,HORIZON KINETICS ASSET MANAGEMENT LLC,0001056823,,false,false,true,P,756.0,2.85,2154.6,920568.0,D,20766726.827630997,0.00010375250841809191
2026-06-12,2026-06-15 00:00:00,0001437749-26-020599,RCG,"RENN Fund, Inc.",0000919567,AMEX,,,,HORIZON KINETICS ASSET MANAGEMENT LLC,0001056823,,false,false,true,P,756.0,2.75,2079.0,919812.0,D,20766726.827630997,0.00010011206952622903
2026-06-11,2026-06-12 00:00:00,0001437749-26-020417,RCG,"RENN Fund, Inc.",0000919567,AMEX,,,,HORIZON KINETICS ASSET MANAGEMENT LLC,0001056823,,false,false,true,P,756.0,2.75,2079.0,919056.0,D,20766726.827630997,0.00010011206952622903
2026-06-10,2026-06-11 00:00:00,0001437749-26-020245,RCG,"RENN Fund, Inc.",0000919567,AMEX,,,,HORIZON KINETICS ASSET MANAGEMENT LLC,0001056823,,false,false,true,P,756.0,2.75,2079.0,918300.0,D,20766726.827630997,0.00010011206952622903
2026-06-09,2026-06-10 00:00:00,0001437749-26-020112,RCG,"RENN Fund, Inc.",0000919567,AMEX,,,,HORIZON KINETICS ASSET MANAGEMENT LLC,0001056823,,false,false,true,P,756.0,2.75,2079.0,917544.0,D,20766726.827630997,0.00010011206952622903
2026-06-08,2026-06-09 00:00:00,0001437749-26-019942,RCG,"RENN Fund, Inc.",0000919567,AMEX,,,,HORIZON KINETICS ASSET MANAGEMENT LLC,0001056823,,false,false,true,P,756.0,2.76,2086.56,916788.0,D,20766726.827630997,0.00010047611341541532
2026-06-05,2026-06-08 00:00:00,0001437749-26-019806,RCG,"RENN Fund, Inc.",0000919567,AMEX,,,,HORIZON KINETICS ASSET MANAGEMENT LLC,0001056823,,false,false,true,P,756.0,2.82,2131.92,916032.0,D,20766726.827630997,0.00010266037675053304
2026-06-04,2026-06-05 00:00:00,0001437749-26-019713,RCG,"RENN Fund, Inc.",0000919567,AMEX,,,,HORIZON KINETICS ASSET MANAGEMENT LLC,0001056823,,false,false,true,P,756.0,2.75,2079.0,915276.0,D,20766726.827630997,0.00010011206952622903
2026-06-04,2026-06-05 00:00:00,0001437749-26-019714,RCG,"RENN Fund, Inc.",0000919567,AMEX,,,,DOYLE PETER,0001295022,,false,false,false,P,300.0,2.72,816.0000000000001,1800.0,D,20766726.827630997,3.929362613439293e-05
2026-06-03,2026-06-04 00:00:00,0001437749-26-019487,RCG,"RENN Fund, Inc.",0000919567,AMEX,,,,HORIZON KINETICS ASSET MANAGEMENT LLC,0001056823,,false,false,true,P,756.0,2.75,2079.0,914520.0,D,20766726.827630997,0.00010011206952622903
2026-06-03,2026-06-04 00:00:00,0001437749-26-019555,RCG,"RENN Fund, Inc.",0000919567,AMEX,,,,DOYLE PETER,0001295022,,false,false,false,P,400.0,2.75,1100.0,1500.0,D,20766726.827630997,5.296934895567674e-05
2026-06-02,2026-06-03 00:00:00,0001437749-26-019288,RCG,"RENN Fund, Inc.",0000919567,AMEX,,,,HORIZON KINETICS ASSET MANAGEMENT LLC,0001056823,,false,false,true,P,756.0,2.71,2048.7599999999998,913764.0,D,20766726.827630997,9.865589396948387e-05
2026-06-01,2026-06-02 00:00:00,0001437749-26-019130,RCG,"RENN Fund, Inc.",0000919567,AMEX,,,,HORIZON KINETICS ASSET MANAGEMENT LLC,0001056823,,false,false,true,P,756.0,2.75,2079.0,913008.0,D,20766726.827630997,0.00010011206952622903
2026-06-01,2026-06-02 00:00:00,0001437749-26-019129,RCG,"RENN Fund, Inc.",0000919567,AMEX,,,,DOYLE PETER,0001295022,,false,false,false,P,500.0,2.71,1355.0,1100.0,D,20766726.827630997,6.524860712267453e-05
2026-05-29,2026-06-01 00:00:00,0001437749-26-018964,RCG,"RENN Fund, Inc.",0000919567,AMEX,,,,HORIZON KINETICS ASSET MANAGEMENT LLC,0001056823,,false,false,true,P,756.0,2.89,2184.84,912252.0,D,20766726.827630997,0.00010520868397483707
2026-05-28,2026-05-29 00:00:00,0001437749-26-018837,RCG,"RENN Fund, Inc.",0000919567,AMEX,,,,HORIZON KINETICS ASSET MANAGEMENT LLC,0001056823,,false,false,true,P,756.0,2.73,2063.88,911496.0,D,20766726.827630997,9.938398174785647e-05
2026-05-27,2026-05-29 00:00:00,0001437749-26-018837,RCG,"RENN Fund, Inc.",0000919567,AMEX,,,,HORIZON KINETICS ASSET MANAGEMENT LLC,0001056823,,false,false,true,P,756.0,2.7,2041.2,910740.0,D,20766726.827630997,9.82918500802976e-05
2026-04-07,2026-04-09 00:00:00,0001437749-26-011925,RCG,"RENN Fund, Inc.",0000919567,AMEX,,,,STAHL MURRAY,0001207097,President/Co-Portfolio Manager,false,true,true,P,360.0,3.24,1166.4,160688.0,D,20766726.827630997,5.6166771474455774e-05
2026-04-07,2026-04-09 00:00:00,0001437749-26-011925,RCG,"RENN Fund, Inc.",0000919567,AMEX,,,,STAHL MURRAY,0001207097,President/Co-Portfolio Manager,false,true,true,P,296.0,3.24,959.0400000000001,367858.0,I,20766726.827630997,4.6181567656774746e-05
2026-04-07,2026-04-09 00:00:00,0001437749-26-011925,RCG,"RENN Fund, Inc.",0000919567,AMEX,,,,STAHL MURRAY,0001207097,President/Co-Portfolio Manager,false,true,true,P,180.0,3.24,583.2,138108.0,I,20766726.827630997,2.8083385737227887e-05
2026-04-07,2026-04-09 00:00:00,0001437749-26-011925,RCG,"RENN Fund, Inc.",0000919567,AMEX,,,,STAHL MURRAY,0001207097,President/Co-Portfolio Manager,false,true,true,P,180.0,3.24,583.2,323360.0,I,20766726.827630997,2.8083385737227887e-05
2026-04-07,2026-04-09 00:00:00,0001437749-26-011925,RCG,"RENN Fund, Inc.",0000919567,AMEX,,,,STAHL MURRAY,0001207097,President/Co-Portfolio Manager,false,true,true,P,82.0,3.24,265.68,68598.0,I,20766726.827630997,1.2793542391403815e-05
2026-04-07,2026-04-09 00:00:00,0001437749-26-011925,RCG,"RENN Fund, Inc.",0000919567,AMEX,,,,STAHL MURRAY,0001207097,President/Co-Portfolio Manager,false,true,true,P,18.0,3.24,58.32000000000001,5984.0,I,20766726.827630997,2.808338573722789e-06
2026-04-07,2026-04-09 00:00:00,0001437749-26-011925,RCG,"RENN Fund, Inc.",0000919567,AMEX,,,,STAHL MURRAY,0001207097,President/Co-Portfolio Manager,false,true,true,P,18.0,3.24,58.32000000000001,12060.0,I,20766726.827630997,2.808338573722789e-06
2026-04-06,2026-04-07 00:00:00,0001437749-26-011563,RCG,"RENN Fund, Inc.",0000919567,AMEX,,,,STAHL MURRAY,0001207097,President/Co-Portfolio Manager,false,true,true,P,360.0,3.05,1098.0,160328.0,D,20766726.827630997,5.28730410484846e-05
2026-04-06,2026-04-07 00:00:00,0001437749-26-011563,RCG,"RENN Fund, Inc.",0000919567,AMEX,,,,STAHL MURRAY,0001207097,President/Co-Portfolio Manager,false,true,true,P,296.0,3.05,902.8,367562.0,I,20766726.827630997,4.347338930653178e-05
2026-04-06,2026-04-07 00:00:00,0001437749-26-011563,RCG,"RENN Fund, Inc.",0000919567,AMEX,,,,STAHL MURRAY,0001207097,President/Co-Portfolio Manager,false,true,true,P,180.0,3.05,549.0,323180.0,I,20766726.827630997,2.64365205242423e-05
2026-04-06,2026-04-07 00:00:00,0001437749-26-011563,RCG,"RENN Fund, Inc.",0000919567,AMEX,,,,STAHL MURRAY,0001207097,President/Co-Portfolio Manager,false,true,true,P,180.0,3.05,549.0,137928.0,I,20766726.827630997,2.64365205242423e-05
2026-04-06,2026-04-07 00:00:00,0001437749-26-011563,RCG,"RENN Fund, Inc.",0000919567,AMEX,,,,STAHL MURRAY,0001207097,President/Co-Portfolio Manager,false,true,true,P,82.0,3.05,250.1,68516.0,I,20766726.827630997,1.2043303794377046e-05
2026-04-06,2026-04-07 00:00:00,0001437749-26-011563,RCG,"RENN Fund, Inc.",0000919567,AMEX,,,,STAHL MURRAY,0001207097,President/Co-Portfolio Manager,false,true,true,P,18.0,3.05,54.9,12042.0,I,20766726.827630997,2.6436520524242296e-06
2026-04-06,2026-04-07 00:00:00,0001437749-26-011563,RCG,"RENN Fund, Inc.",0000919567,AMEX,,,,STAHL MURRAY,0001207097,President/Co-Portfolio Manager,false,true,true,P,18.0,3.05,54.9,5966.0,I,20766726.827630997,2.6436520524242296e-06
2026-04-02,2026-04-06 00:00:00,0001437749-26-011352,RCG,"RENN Fund, Inc.",0000919567,AMEX,,,,STAHL MURRAY,0001207097,President/Co-Portfolio Manager,false,true,true,P,360.0,3.27,1177.2,159968.0,D,20766726.827630997,5.6686834173293326e-05
2026-04-02,2026-04-06 00:00:00,0001437749-26-011352,RCG,"RENN Fund, Inc.",0000919567,AMEX,,,,STAHL MURRAY,0001207097,President/Co-Portfolio Manager,false,true,true,P,296.0,3.27,967.92,367266.0,I,20766726.827630997,4.660917476470784e-05
2026-04-02,2026-04-06 00:00:00,0001437749-26-011352,RCG,"RENN Fund, Inc.",0000919567,AMEX,,,,STAHL MURRAY,0001207097,President/Co-Portfolio Manager,false,true,true,P,180.0,3.27,588.6,137748.0,I,20766726.827630997,2.8343417086646663e-05
2026-04-02,2026-04-06 00:00:00,0001437749-26-011352,RCG,"RENN Fund, Inc.",0000919567,AMEX,,,,STAHL MURRAY,0001207097,President/Co-Portfolio Manager,false,true,true,P,180.0,3.27,588.6,323000.0,I,20766726.827630997,2.8343417086646663e-05
2026-04-02,2026-04-06 00:00:00,0001437749-26-011352,RCG,"RENN Fund, Inc.",0000919567,AMEX,,,,STAHL MURRAY,0001207097,President/Co-Portfolio Manager,false,true,true,P,82.0,3.27,268.14,68434.0,I,20766726.827630997,1.2912001117250145e-05
2026-04-02,2026-04-06 00:00:00,0001437749-26-011352,RCG,"RENN Fund, Inc.",0000919567,AMEX,,,,STAHL MURRAY,0001207097,President/Co-Portfolio Manager,false,true,true,P,18.0,3.27,58.86,5948.0,I,20766726.827630997,2.834341708664666e-06
2026-04-02,2026-04-06 00:00:00,0001437749-26-011352,RCG,"RENN Fund, Inc.",0000919567,AMEX,,,,STAHL MURRAY,0001207097,President/Co-Portfolio Manager,false,true,true,P,18.0,3.27,58.86,12024.0,I,20766726.827630997,2.834341708664666e-06
2026-04-01,2026-04-02 00:00:00,0001437749-26-011044,RCG,"RENN Fund, Inc.",0000919567,AMEX,,,,STAHL MURRAY,0001207097,President/Co-Portfolio Manager,false,true,true,P,360.0,3.25,1170.0,159608.0,D,20766726.827630997,5.634012570740162e-05
2026-04-01,2026-04-02 00:00:00,0001437749-26-011044,RCG,"RENN Fund, Inc.",0000919567,AMEX,,,,STAHL MURRAY,0001207097,President/Co-Portfolio Manager,false,true,true,P,296.0,3.25,962.0,366970.0,I,20766726.827630997,4.632410335941911e-05
2026-04-01,2026-04-02 00:00:00,0001437749-26-011044,RCG,"RENN Fund, Inc.",0000919567,AMEX,,,,STAHL MURRAY,0001207097,President/Co-Portfolio Manager,false,true,true,P,180.0,3.25,585.0,322820.0,I,20766726.827630997,2.817006285370081e-05
2026-04-01,2026-04-02 00:00:00,0001437749-26-011044,RCG,"RENN Fund, Inc.",0000919567,AMEX,,,,STAHL MURRAY,0001207097,President/Co-Portfolio Manager,false,true,true,P,180.0,3.25,585.0,137568.0,I,20766726.827630997,2.817006285370081e-05
2026-04-01,2026-04-02 00:00:00,0001437749-26-011044,RCG,"RENN Fund, Inc.",0000919567,AMEX,,,,STAHL MURRAY,0001207097,President/Co-Portfolio Manager,false,true,true,P,82.0,3.25,266.5,68352.0,I,20766726.827630997,1.2833028633352592e-05
2026-04-01,2026-04-02 00:00:00,0001437749-26-011044,RCG,"RENN Fund, Inc.",0000919567,AMEX,,,,STAHL MURRAY,0001207097,President/Co-Portfolio Manager,false,true,true,P,18.0,3.25,58.5,12006.0,I,20766726.827630997,2.817006285370081e-06
2026-04-01,2026-04-02 00:00:00,0001437749-26-011044,RCG,"RENN Fund, Inc.",0000919567,AMEX,,,,STAHL MURRAY,0001207097,President/Co-Portfolio Manager,false,true,true,P,18.0,3.25,58.5,5930.0,I,20766726.827630997,2.817006285370081e-06
2026-03-31,2026-04-01 00:00:00,0001437749-26-010839,RCG,"RENN Fund, Inc.",0000919567,AMEX,,,,STAHL MURRAY,0001207097,President/Co-Portfolio Manager,false,true,true,P,360.0,3.24,1166.4,159248.0,D,20766726.827630997,5.6166771474455774e-05
2026-03-31,2026-04-01 00:00:00,0001437749-26-010839,RCG,"RENN Fund, Inc.",0000919567,AMEX,,,,STAHL MURRAY,0001207097,President/Co-Portfolio Manager,false,true,true,P,296.0,3.24,959.0400000000001,366674.0,I,20766726.827630997,4.6181567656774746e-05
2026-03-31,2026-04-01 00:00:00,0001437749-26-010839,RCG,"RENN Fund, Inc.",0000919567,AMEX,,,,STAHL MURRAY,0001207097,President/Co-Portfolio Manager,false,true,true,P,180.0,3.24,583.2,322640.0,I,20766726.827630997,2.8083385737227887e-05
2026-03-31,2026-04-01 00:00:00,0001437749-26-010839,RCG,"RENN Fund, Inc.",0000919567,AMEX,,,,STAHL MURRAY,0001207097,President/Co-Portfolio Manager,false,true,true,P,180.0,3.24,583.2,137388.0,I,20766726.827630997,2.8083385737227887e-05
2026-03-31,2026-04-01 00:00:00,0001437749-26-010839,RCG,"RENN Fund, Inc.",0000919567,AMEX,,,,STAHL MURRAY,0001207097,President/Co-Portfolio Manager,false,true,true,P,82.0,3.24,265.68,68270.0,I,20766726.827630997,1.2793542391403815e-05
2026-03-31,2026-04-01 00:00:00,0001437749-26-010839,RCG,"RENN Fund, Inc.",0000919567,AMEX,,,,STAHL MURRAY,0001207097,President/Co-Portfolio Manager,false,true,true,P,18.0,3.24,58.32000000000001,11988.0,I,20766726.827630997,2.808338573722789e-06
2026-03-31,2026-04-01 00:00:00,0001437749-26-010839,RCG,"RENN Fund, Inc.",0000919567,AMEX,,,,STAHL MURRAY,0001207097,President/Co-Portfolio Manager,false,true,true,P,18.0,3.24,58.32000000000001,5912.0,I,20766726.827630997,2.808338573722789e-06
2026-03-30,2026-03-31 00:00:00,0001437749-26-010600,RCG,"RENN Fund, Inc.",0000919567,AMEX,,,,STAHL MURRAY,0001207097,President/Co-Portfolio Manager,false,true,true,P,354.0,3.25,1150.5,158888.0,D,20766726.827630997,5.540112361227826e-05
2026-03-30,2026-03-31 00:00:00,0001437749-26-010600,RCG,"RENN Fund, Inc.",0000919567,AMEX,,,,STAHL MURRAY,0001207097,President/Co-Portfolio Manager,false,true,true,P,296.0,3.25,962.0,366378.0,I,20766726.827630997,4.632410335941911e-05
2026-03-30,2026-03-31 00:00:00,0001437749-26-010600,RCG,"RENN Fund, Inc.",0000919567,AMEX,,,,STAHL MURRAY,0001207097,President/Co-Portfolio Manager,false,true,true,P,180.0,3.25,585.0,137208.0,I,20766726.827630997,2.817006285370081e-05
2026-03-30,2026-03-31 00:00:00,0001437749-26-010600,RCG,"RENN Fund, Inc.",0000919567,AMEX,,,,STAHL MURRAY,0001207097,President/Co-Portfolio Manager,false,true,true,P,180.0,3.25,585.0,322460.0,I,20766726.827630997,2.817006285370081e-05
2026-03-30,2026-03-31 00:00:00,0001437749-26-010600,RCG,"RENN Fund, Inc.",0000919567,AMEX,,,,STAHL MURRAY,0001207097,President/Co-Portfolio Manager,false,true,true,P,82.0,3.25,266.5,68188.0,I,20766726.827630997,1.2833028633352592e-05
2026-03-30,2026-03-31 00:00:00,0001437749-26-010600,RCG,"RENN Fund, Inc.",0000919567,AMEX,,,,STAHL MURRAY,0001207097,President/Co-Portfolio Manager,false,true,true,P,18.0,3.25,58.5,5894.0,I,20766726.827630997,2.817006285370081e-06
2026-03-30,2026-03-31 00:00:00,0001437749-26-010600,RCG,"RENN Fund, Inc.",0000919567,AMEX,,,,STAHL MURRAY,0001207097,President/Co-Portfolio Manager,false,true,true,P,18.0,3.25,58.5,11970.0,I,20766726.827630997,2.817006285370081e-06
2026-03-27,2026-03-30 00:00:00,0001437749-26-010251,RCG,"RENN Fund, Inc.",0000919567,AMEX,,,,STAHL MURRAY,0001207097,President/Co-Portfolio Manager,false,true,true,P,360.0,3.25,1170.0,158534.0,D,20766726.827630997,5.634012570740162e-05
2026-03-27,2026-03-30 00:00:00,0001437749-26-010251,RCG,"RENN Fund, Inc.",0000919567,AMEX,,,,STAHL MURRAY,0001207097,President/Co-Portfolio Manager,false,true,true,P,296.0,3.25,962.0,366082.0,I,20766726.827630997,4.632410335941911e-05
2026-03-27,2026-03-30 00:00:00,0001437749-26-010251,RCG,"RENN Fund, Inc.",0000919567,AMEX,,,,STAHL MURRAY,0001207097,President/Co-Portfolio Manager,false,true,true,P,180.0,3.25,585.0,322280.0,I,20766726.827630997,2.817006285370081e-05
2026-03-27,2026-03-30 00:00:00,0001437749-26-010251,RCG,"RENN Fund, Inc.",0000919567,AMEX,,,,STAHL MURRAY,0001207097,President/Co-Portfolio Manager,false,true,true,P,180.0,3.25,585.0,137028.0,I,20766726.827630997,2.817006285370081e-05
2026-03-27,2026-03-30 00:00:00,0001437749-26-010251,RCG,"RENN Fund, Inc.",0000919567,AMEX,,,,STAHL MURRAY,0001207097,President/Co-Portfolio Manager,false,true,true,P,82.0,3.25,266.5,68106.0,I,20766726.827630997,1.2833028633352592e-05
2026-03-27,2026-03-30 00:00:00,0001437749-26-010251,RCG,"RENN Fund, Inc.",0000919567,AMEX,,,,STAHL MURRAY,0001207097,President/Co-Portfolio Manager,false,true,true,P,18.0,3.25,58.5,11952.0,I,20766726.827630997,2.817006285370081e-06
2026-03-27,2026-03-30 00:00:00,0001437749-26-010251,RCG,"RENN Fund, Inc.",0000919567,AMEX,,,,STAHL MURRAY,0001207097,President/Co-Portfolio Manager,false,true,true,P,18.0,3.25,58.5,5876.0,I,20766726.827630997,2.817006285370081e-06
2026-03-26,2026-03-27 00:00:00,0001437749-26-010019,RCG,"RENN Fund, Inc.",0000919567,AMEX,,,,STAHL MURRAY,0001207097,President/Co-Portfolio Manager,false,true,true,P,360.0,3.29,1184.4,158174.0,D,20766726.827630997,5.703354263918503e-05
2026-03-26,2026-03-27 00:00:00,0001437749-26-010019,RCG,"RENN Fund, Inc.",0000919567,AMEX,,,,STAHL MURRAY,0001207097,President/Co-Portfolio Manager,false,true,true,P,296.0,3.29,973.84,365786.0,I,20766726.827630997,4.689424616999658e-05
2026-03-26,2026-03-27 00:00:00,0001437749-26-010019,RCG,"RENN Fund, Inc.",0000919567,AMEX,,,,STAHL MURRAY,0001207097,President/Co-Portfolio Manager,false,true,true,P,180.0,3.29,592.2,136848.0,I,20766726.827630997,2.8516771319592516e-05
2026-03-26,2026-03-27 00:00:00,0001437749-26-010019,RCG,"RENN Fund, Inc.",0000919567,AMEX,,,,STAHL MURRAY,0001207097,President/Co-Portfolio Manager,false,true,true,P,180.0,3.29,592.2,322100.0,I,20766726.827630997,2.8516771319592516e-05
2026-03-26,2026-03-27 00:00:00,0001437749-26-010019,RCG,"RENN Fund, Inc.",0000919567,AMEX,,,,STAHL MURRAY,0001207097,President/Co-Portfolio Manager,false,true,true,P,82.0,3.29,269.78000000000003,68024.0,I,20766726.827630997,1.2990973601147701e-05
2026-03-26,2026-03-27 00:00:00,0001437749-26-010019,RCG,"RENN Fund, Inc.",0000919567,AMEX,,,,STAHL MURRAY,0001207097,President/Co-Portfolio Manager,false,true,true,P,18.0,3.29,59.22,5858.0,I,20766726.827630997,2.851677131959251e-06
2026-03-26,2026-03-27 00:00:00,0001437749-26-010019,RCG,"RENN Fund, Inc.",0000919567,AMEX,,,,STAHL MURRAY,0001207097,President/Co-Portfolio Manager,false,true,true,P,18.0,3.29,59.22,11934.0,I,20766726.827630997,2.851677131959251e-06
2026-03-25,2026-03-26 00:00:00,0001437749-26-009893,RCG,"RENN Fund, Inc.",0000919567,AMEX,,,,STAHL MURRAY,0001207097,President/Co-Portfolio Manager,false,true,true,P,360.0,3.28,1180.8,157814.0,D,20766726.827630997,5.686018840623917e-05
2026-03-25,2026-03-26 00:00:00,0001437749-26-009893,RCG,"RENN Fund, Inc.",0000919567,AMEX,,,,STAHL MURRAY,0001207097,President/Co-Portfolio Manager,false,true,true,P,296.0,3.28,970.88,365490.0,I,20766726.827630997,4.6751710467352206e-05
2026-03-25,2026-03-26 00:00:00,0001437749-26-009893,RCG,"RENN Fund, Inc.",0000919567,AMEX,,,,STAHL MURRAY,0001207097,President/Co-Portfolio Manager,false,true,true,P,180.0,3.28,590.4,136668.0,I,20766726.827630997,2.8430094203119586e-05
2026-03-25,2026-03-26 00:00:00,0001437749-26-009893,RCG,"RENN Fund, Inc.",0000919567,AMEX,,,,STAHL MURRAY,0001207097,President/Co-Portfolio Manager,false,true,true,P,180.0,3.28,590.4,321920.0,I,20766726.827630997,2.8430094203119586e-05
2026-03-25,2026-03-26 00:00:00,0001437749-26-009893,RCG,"RENN Fund, Inc.",0000919567,AMEX,,,,STAHL MURRAY,0001207097,President/Co-Portfolio Manager,false,true,true,P,82.0,3.28,268.96,67942.0,I,20766726.827630997,1.2951487359198921e-05
2026-03-25,2026-03-26 00:00:00,0001437749-26-009893,RCG,"RENN Fund, Inc.",0000919567,AMEX,,,,STAHL MURRAY,0001207097,President/Co-Portfolio Manager,false,true,true,P,18.0,3.28,59.04,5840.0,I,20766726.827630997,2.8430094203119584e-06
2026-03-25,2026-03-26 00:00:00,0001437749-26-009893,RCG,"RENN Fund, Inc.",0000919567,AMEX,,,,STAHL MURRAY,0001207097,President/Co-Portfolio Manager,false,true,true,P,18.0,3.28,59.04,11916.0,I,20766726.827630997,2.8430094203119584e-06
2026-03-24,2026-03-25 00:00:00,0001437749-26-009723,RCG,"RENN Fund, Inc.",0000919567,AMEX,,,,STAHL MURRAY,0001207097,President/Co-Portfolio Manager,false,true,true,P,360.0,3.2,1152.0,157454.0,D,20766726.827630997,5.547335454267236e-05
2026-03-24,2026-03-25 00:00:00,0001437749-26-009723,RCG,"RENN Fund, Inc.",0000919567,AMEX,,,,STAHL MURRAY,0001207097,President/Co-Portfolio Manager,false,true,true,P,296.0,3.2,947.2,365194.0,I,20766726.827630997,4.561142484619728e-05
2026-03-24,2026-03-25 00:00:00,0001437749-26-009723,RCG,"RENN Fund, Inc.",0000919567,AMEX,,,,STAHL MURRAY,0001207097,President/Co-Portfolio Manager,false,true,true,P,180.0,3.2,576.0,136488.0,I,20766726.827630997,2.773667727133618e-05
2026-03-24,2026-03-25 00:00:00,0001437749-26-009723,RCG,"RENN Fund, Inc.",0000919567,AMEX,,,,STAHL MURRAY,0001207097,President/Co-Portfolio Manager,false,true,true,P,180.0,2.2,396.00000000000006,321740.0,I,20766726.827630997,1.9068965624043627e-05
2026-03-24,2026-03-25 00:00:00,0001437749-26-009723,RCG,"RENN Fund, Inc.",0000919567,AMEX,,,,STAHL MURRAY,0001207097,President/Co-Portfolio Manager,false,true,true,P,82.0,3.2,262.40000000000003,67860.0,I,20766726.827630997,1.2635597423608707e-05
2026-03-24,2026-03-25 00:00:00,0001437749-26-009723,RCG,"RENN Fund, Inc.",0000919567,AMEX,,,,STAHL MURRAY,0001207097,President/Co-Portfolio Manager,false,true,true,P,18.0,3.2,57.6,11898.0,I,20766726.827630997,2.7736677271336183e-06
2026-03-24,2026-03-25 00:00:00,0001437749-26-009723,RCG,"RENN Fund, Inc.",0000919567,AMEX,,,,STAHL MURRAY,0001207097,President/Co-Portfolio Manager,false,true,true,P,18.0,3.2,57.6,5822.0,I,20766726.827630997,2.7736677271336183e-06
2026-03-23,2026-03-24 00:00:00,0001437749-26-009559,RCG,"RENN Fund, Inc.",0000919567,AMEX,,,,STAHL MURRAY,0001207097,President/Co-Portfolio Manager,false,true,true,P,360.0,3.28,1180.8,157094.0,D,20766726.827630997,5.686018840623917e-05
2026-03-23,2026-03-24 00:00:00,0001437749-26-009559,RCG,"RENN Fund, Inc.",0000919567,AMEX,,,,STAHL MURRAY,0001207097,President/Co-Portfolio Manager,false,true,true,P,296.0,3.28,970.88,364898.0,I,20766726.827630997,4.6751710467352206e-05
2026-03-23,2026-03-24 00:00:00,0001437749-26-009559,RCG,"RENN Fund, Inc.",0000919567,AMEX,,,,STAHL MURRAY,0001207097,President/Co-Portfolio Manager,false,true,true,P,180.0,3.28,590.4,321560.0,I,20766726.827630997,2.8430094203119586e-05
2026-03-23,2026-03-24 00:00:00,0001437749-26-009559,RCG,"RENN Fund, Inc.",0000919567,AMEX,,,,STAHL MURRAY,0001207097,President/Co-Portfolio Manager,false,true,true,P,180.0,3.28,590.4,136308.0,I,20766726.827630997,2.8430094203119586e-05
2026-03-23,2026-03-24 00:00:00,0001437749-26-009559,RCG,"RENN Fund, Inc.",0000919567,AMEX,,,,STAHL MURRAY,0001207097,President/Co-Portfolio Manager,false,true,true,P,82.0,3.28,268.96,67778.0,I,20766726.827630997,1.2951487359198921e-05
2026-03-23,2026-03-24 00:00:00,0001437749-26-009559,RCG,"RENN Fund, Inc.",0000919567,AMEX,,,,STAHL MURRAY,0001207097,President/Co-Portfolio Manager,false,true,true,P,18.0,3.28,59.04,11880.0,I,20766726.827630997,2.8430094203119584e-06
2026-03-23,2026-03-24 00:00:00,0001437749-26-009559,RCG,"RENN Fund, Inc.",0000919567,AMEX,,,,STAHL MURRAY,0001207097,President/Co-Portfolio Manager,false,true,true,P,18.0,3.28,59.04,5804.0,I,20766726.827630997,2.8430094203119584e-06
2026-03-20,2026-03-23 00:00:00,0001437749-26-009337,RCG,"RENN Fund, Inc.",0000919567,AMEX,,,,STAHL MURRAY,0001207097,President/Co-Portfolio Manager,false,true,true,P,360.0,3.26,1173.6,156734.0,D,20766726.827630997,5.6513479940347466e-05
2026-03-20,2026-03-23 00:00:00,0001437749-26-009337,RCG,"RENN Fund, Inc.",0000919567,AMEX,,,,STAHL MURRAY,0001207097,President/Co-Portfolio Manager,false,true,true,P,296.0,3.26,964.9599999999999,364602.0,I,20766726.827630997,4.646663906206347e-05
2026-03-20,2026-03-23 00:00:00,0001437749-26-009337,RCG,"RENN Fund, Inc.",0000919567,AMEX,,,,STAHL MURRAY,0001207097,President/Co-Portfolio Manager,false,true,true,P,180.0,3.26,586.8,321380.0,I,20766726.827630997,2.8256739970173733e-05
2026-03-20,2026-03-23 00:00:00,0001437749-26-009337,RCG,"RENN Fund, Inc.",0000919567,AMEX,,,,STAHL MURRAY,0001207097,President/Co-Portfolio Manager,false,true,true,P,180.0,3.26,586.8,136128.0,I,20766726.827630997,2.8256739970173733e-05
2026-03-20,2026-03-23 00:00:00,0001437749-26-009337,RCG,"RENN Fund, Inc.",0000919567,AMEX,,,,STAHL MURRAY,0001207097,President/Co-Portfolio Manager,false,true,true,P,82.0,3.26,267.32,67696.0,I,20766726.827630997,1.2872514875301368e-05
2026-03-20,2026-03-23 00:00:00,0001437749-26-009337,RCG,"RENN Fund, Inc.",0000919567,AMEX,,,,STAHL MURRAY,0001207097,President/Co-Portfolio Manager,false,true,true,P,18.0,3.26,58.67999999999999,11862.0,I,20766726.827630997,2.825673997017373e-06
2026-03-20,2026-03-23 00:00:00,0001437749-26-009337,RCG,"RENN Fund, Inc.",0000919567,AMEX,,,,STAHL MURRAY,0001207097,President/Co-Portfolio Manager,false,true,true,P,18.0,3.26,58.67999999999999,5786.0,I,20766726.827630997,2.825673997017373e-06
2026-03-19,2026-03-20 00:00:00,0001437749-26-009184,RCG,"RENN Fund, Inc.",0000919567,AMEX,,,,STAHL MURRAY,0001207097,President/Co-Portfolio Manager,false,true,true,P,360.0,3.18,1144.8,156374.0,D,20766726.827630997,5.512664607678066e-05
2026-03-19,2026-03-20 00:00:00,0001437749-26-009184,RCG,"RENN Fund, Inc.",0000919567,AMEX,,,,STAHL MURRAY,0001207097,President/Co-Portfolio Manager,false,true,true,P,296.0,3.18,941.2800000000001,364306.0,I,20766726.827630997,4.5326353440908545e-05
2026-03-19,2026-03-20 00:00:00,0001437749-26-009184,RCG,"RENN Fund, Inc.",0000919567,AMEX,,,,STAHL MURRAY,0001207097,President/Co-Portfolio Manager,false,true,true,P,180.0,3.18,572.4,321200.0,I,20766726.827630997,2.756332303839033e-05
2026-03-19,2026-03-20 00:00:00,0001437749-26-009184,RCG,"RENN Fund, Inc.",0000919567,AMEX,,,,STAHL MURRAY,0001207097,President/Co-Portfolio Manager,false,true,true,P,180.0,3.18,572.4,135948.0,I,20766726.827630997,2.756332303839033e-05
2026-03-19,2026-03-20 00:00:00,0001437749-26-009184,RCG,"RENN Fund, Inc.",0000919567,AMEX,,,,STAHL MURRAY,0001207097,President/Co-Portfolio Manager,false,true,true,P,82.0,3.18,260.76,67614.0,I,20766726.827630997,1.255662493971115e-05
2026-03-19,2026-03-20 00:00:00,0001437749-26-009184,RCG,"RENN Fund, Inc.",0000919567,AMEX,,,,STAHL MURRAY,0001207097,President/Co-Portfolio Manager,false,true,true,P,18.0,3.18,57.24,5768.0,I,20766726.827630997,2.7563323038390333e-06
2026-03-19,2026-03-20 00:00:00,0001437749-26-009184,RCG,"RENN Fund, Inc.",0000919567,AMEX,,,,STAHL MURRAY,0001207097,President/Co-Portfolio Manager,false,true,true,P,18.0,3.18,57.24,11844.0,I,20766726.827630997,2.7563323038390333e-06
2026-03-18,2026-03-19 00:00:00,0001437749-26-008999,RCG,"RENN Fund, Inc.",0000919567,AMEX,,,,STAHL MURRAY,0001207097,President/Co-Portfolio Manager,false,true,true,P,360.0,3.18,1144.8,156014.0,D,20766726.827630997,5.512664607678066e-05
2026-03-18,2026-03-19 00:00:00,0001437749-26-009009,RCG,"RENN Fund, Inc.",0000919567,AMEX,,,,STAHL MURRAY,0001207097,President/Co-Portfolio Manager,false,true,true,P,360.0,3.18,1144.8,156014.0,D,20766726.827630997,5.512664607678066e-05
2026-03-18,2026-03-19 00:00:00,0001437749-26-008999,RCG,"RENN Fund, Inc.",0000919567,AMEX,,,,STAHL MURRAY,0001207097,President/Co-Portfolio Manager,false,true,true,P,296.0,3.18,941.2800000000001,364010.0,I,20766726.827630997,4.5326353440908545e-05
2026-03-18,2026-03-19 00:00:00,0001437749-26-009009,RCG,"RENN Fund, Inc.",0000919567,AMEX,,,,STAHL MURRAY,0001207097,President/Co-Portfolio Manager,false,true,true,P,296.0,3.18,941.2800000000001,364010.0,I,20766726.827630997,4.5326353440908545e-05
2026-03-18,2026-03-19 00:00:00,0001437749-26-008999,RCG,"RENN Fund, Inc.",0000919567,AMEX,,,,STAHL MURRAY,0001207097,President/Co-Portfolio Manager,false,true,true,P,180.0,3.18,572.4,321020.0,I,20766726.827630997,2.756332303839033e-05
2026-03-18,2026-03-19 00:00:00,0001437749-26-009009,RCG,"RENN Fund, Inc.",0000919567,AMEX,,,,STAHL MURRAY,0001207097,President/Co-Portfolio Manager,false,true,true,P,180.0,3.18,572.4,135768.0,I,20766726.827630997,2.756332303839033e-05
2026-03-18,2026-03-19 00:00:00,0001437749-26-008999,RCG,"RENN Fund, Inc.",0000919567,AMEX,,,,STAHL MURRAY,0001207097,President/Co-Portfolio Manager,false,true,true,P,180.0,3.18,572.4,135768.0,I,20766726.827630997,2.756332303839033e-05
2026-03-18,2026-03-19 00:00:00,0001437749-26-009009,RCG,"RENN Fund, Inc.",0000919567,AMEX,,,,STAHL MURRAY,0001207097,President/Co-Portfolio Manager,false,true,true,P,180.0,3.18,572.4,321020.0,I,20766726.827630997,2.756332303839033e-05
2026-03-18,2026-03-19 00:00:00,0001437749-26-009009,RCG,"RENN Fund, Inc.",0000919567,AMEX,,,,STAHL MURRAY,0001207097,President/Co-Portfolio Manager,false,true,true,P,82.0,3.18,260.76,67532.0,I,20766726.827630997,1.255662493971115e-05
2026-03-18,2026-03-19 00:00:00,0001437749-26-008999,RCG,"RENN Fund, Inc.",0000919567,AMEX,,,,STAHL MURRAY,0001207097,President/Co-Portfolio Manager,false,true,true,P,82.0,3.18,260.76,67532.0,I,20766726.827630997,1.255662493971115e-05
2026-03-18,2026-03-19 00:00:00,0001437749-26-009009,RCG,"RENN Fund, Inc.",0000919567,AMEX,,,,STAHL MURRAY,0001207097,President/Co-Portfolio Manager,false,true,true,P,18.0,3.18,57.24,5750.0,I,20766726.827630997,2.7563323038390333e-06
2026-03-18,2026-03-19 00:00:00,0001437749-26-008999,RCG,"RENN Fund, Inc.",0000919567,AMEX,,,,STAHL MURRAY,0001207097,President/Co-Portfolio Manager,false,true,true,P,18.0,3.18,57.24,11826.0,I,20766726.827630997,2.7563323038390333e-06
2026-03-18,2026-03-19 00:00:00,0001437749-26-009009,RCG,"RENN Fund, Inc.",0000919567,AMEX,,,,STAHL MURRAY,0001207097,President/Co-Portfolio Manager,false,true,true,P,18.0,3.18,57.24,11826.0,I,20766726.827630997,2.7563323038390333e-06
2026-03-18,2026-03-19 00:00:00,0001437749-26-008999,RCG,"RENN Fund, Inc.",0000919567,AMEX,,,,STAHL MURRAY,0001207097,President/Co-Portfolio Manager,false,true,true,P,18.0,3.18,57.24,5750.0,I,20766726.827630997,2.7563323038390333e-06
2026-03-17,2026-03-18 00:00:00,0001437749-26-008832,RCG,"RENN Fund, Inc.",0000919567,AMEX,,,,STAHL MURRAY,0001207097,President/Co-Portfolio Manager,false,true,true,P,360.0,3.27,1177.2,155654.0,D,20766726.827630997,5.6686834173293326e-05
2026-03-17,2026-03-18 00:00:00,0001437749-26-008832,RCG,"RENN Fund, Inc.",0000919567,AMEX,,,,STAHL MURRAY,0001207097,President/Co-Portfolio Manager,false,true,true,P,296.0,3.27,967.92,363714.0,I,20766726.827630997,4.660917476470784e-05
2026-03-17,2026-03-18 00:00:00,0001437749-26-008832,RCG,"RENN Fund, Inc.",0000919567,AMEX,,,,STAHL MURRAY,0001207097,President/Co-Portfolio Manager,false,true,true,P,180.0,3.27,588.6,135588.0,I,20766726.827630997,2.8343417086646663e-05
2026-03-17,2026-03-18 00:00:00,0001437749-26-008832,RCG,"RENN Fund, Inc.",0000919567,AMEX,,,,STAHL MURRAY,0001207097,President/Co-Portfolio Manager,false,true,true,P,180.0,3.27,588.6,320840.0,I,20766726.827630997,2.8343417086646663e-05
2026-03-17,2026-03-18 00:00:00,0001437749-26-008832,RCG,"RENN Fund, Inc.",0000919567,AMEX,,,,STAHL MURRAY,0001207097,President/Co-Portfolio Manager,false,true,true,P,82.0,3.27,268.14,67450.0,I,20766726.827630997,1.2912001117250145e-05
2026-03-17,2026-03-18 00:00:00,0001437749-26-008832,RCG,"RENN Fund, Inc.",0000919567,AMEX,,,,STAHL MURRAY,0001207097,President/Co-Portfolio Manager,false,true,true,P,18.0,3.27,58.86,5732.0,I,20766726.827630997,2.834341708664666e-06
2026-03-17,2026-03-18 00:00:00,0001437749-26-008832,RCG,"RENN Fund, Inc.",0000919567,AMEX,,,,STAHL MURRAY,0001207097,President/Co-Portfolio Manager,false,true,true,P,18.0,3.27,58.86,11808.0,I,20766726.827630997,2.834341708664666e-06
2026-03-16,2026-03-17 00:00:00,0001437749-26-008570,RCG,"RENN Fund, Inc.",0000919567,AMEX,,,,STAHL MURRAY,0001207097,President/Co-Portfolio Manager,false,true,true,P,360.0,3.05,1098.0,155294.0,D,20766726.827630997,5.28730410484846e-05
2026-03-16,2026-03-17 00:00:00,0001437749-26-008570,RCG,"RENN Fund, Inc.",0000919567,AMEX,,,,STAHL MURRAY,0001207097,President/Co-Portfolio Manager,false,true,true,P,296.0,3.05,902.8,363418.0,I,20766726.827630997,4.347338930653178e-05
2026-03-16,2026-03-17 00:00:00,0001437749-26-008570,RCG,"RENN Fund, Inc.",0000919567,AMEX,,,,STAHL MURRAY,0001207097,President/Co-Portfolio Manager,false,true,true,P,180.0,3.05,549.0,320660.0,I,20766726.827630997,2.64365205242423e-05
2026-03-16,2026-03-17 00:00:00,0001437749-26-008570,RCG,"RENN Fund, Inc.",0000919567,AMEX,,,,STAHL MURRAY,0001207097,President/Co-Portfolio Manager,false,true,true,P,180.0,3.05,549.0,135408.0,I,20766726.827630997,2.64365205242423e-05
2026-03-16,2026-03-17 00:00:00,0001437749-26-008570,RCG,"RENN Fund, Inc.",0000919567,AMEX,,,,STAHL MURRAY,0001207097,President/Co-Portfolio Manager,false,true,true,P,82.0,3.05,250.1,67368.0,I,20766726.827630997,1.2043303794377046e-05
2026-03-16,2026-03-17 00:00:00,0001437749-26-008570,RCG,"RENN Fund, Inc.",0000919567,AMEX,,,,STAHL MURRAY,0001207097,President/Co-Portfolio Manager,false,true,true,P,18.0,3.05,54.9,11790.0,I,20766726.827630997,2.6436520524242296e-06
2026-03-16,2026-03-17 00:00:00,0001437749-26-008570,RCG,"RENN Fund, Inc.",0000919567,AMEX,,,,STAHL MURRAY,0001207097,President/Co-Portfolio Manager,false,true,true,P,18.0,3.05,54.9,5714.0,I,20766726.827630997,2.6436520524242296e-06
2026-03-13,2026-03-16 00:00:00,0001437749-26-008355,RCG,"RENN Fund, Inc.",0000919567,AMEX,,,,STAHL MURRAY,0001207097,President/Co-Portfolio Manager,false,true,true,P,360.0,3.05,1098.0,154934.0,D,20766726.827630997,5.28730410484846e-05
2026-03-13,2026-03-16 00:00:00,0001437749-26-008355,RCG,"RENN Fund, Inc.",0000919567,AMEX,,,,STAHL MURRAY,0001207097,President/Co-Portfolio Manager,false,true,true,P,296.0,3.05,902.8,363122.0,I,20766726.827630997,4.347338930653178e-05
2026-03-13,2026-03-16 00:00:00,0001437749-26-008355,RCG,"RENN Fund, Inc.",0000919567,AMEX,,,,STAHL MURRAY,0001207097,President/Co-Portfolio Manager,false,true,true,P,180.0,3.05,549.0,135228.0,I,20766726.827630997,2.64365205242423e-05
2026-03-13,2026-03-16 00:00:00,0001437749-26-008355,RCG,"RENN Fund, Inc.",0000919567,AMEX,,,,STAHL MURRAY,0001207097,President/Co-Portfolio Manager,false,true,true,P,180.0,3.05,549.0,320480.0,I,20766726.827630997,2.64365205242423e-05
2026-03-13,2026-03-16 00:00:00,0001437749-26-008355,RCG,"RENN Fund, Inc.",0000919567,AMEX,,,,STAHL MURRAY,0001207097,President/Co-Portfolio Manager,false,true,true,P,82.0,3.05,250.1,67286.0,I,20766726.827630997,1.2043303794377046e-05
2026-03-13,2026-03-16 00:00:00,0001437749-26-008355,RCG,"RENN Fund, Inc.",0000919567,AMEX,,,,STAHL MURRAY,0001207097,President/Co-Portfolio Manager,false,true,true,P,18.0,3.05,54.9,5696.0,I,20766726.827630997,2.6436520524242296e-06
2026-03-13,2026-03-16 00:00:00,0001437749-26-008355,RCG,"RENN Fund, Inc.",0000919567,AMEX,,,,STAHL MURRAY,0001207097,President/Co-Portfolio Manager,false,true,true,P,18.0,3.05,54.9,11772.0,I,20766726.827630997,2.6436520524242296e-06
2026-03-12,2026-03-13 00:00:00,0001437749-26-008082,RCG,"RENN Fund, Inc.",0000919567,AMEX,,,,STAHL MURRAY,0001207097,President/Co-Portfolio Manager,false,true,true,P,360.0,3.01,1083.6,154574.0,D,20766726.827630997,5.217962411670119e-05
2026-03-12,2026-03-13 00:00:00,0001437749-26-008082,RCG,"RENN Fund, Inc.",0000919567,AMEX,,,,STAHL MURRAY,0001207097,President/Co-Portfolio Manager,false,true,true,P,296.0,3.01,890.9599999999999,362826.0,I,20766726.827630997,4.290324649595431e-05
2026-03-12,2026-03-13 00:00:00,0001437749-26-008082,RCG,"RENN Fund, Inc.",0000919567,AMEX,,,,STAHL MURRAY,0001207097,President/Co-Portfolio Manager,false,true,true,P,180.0,3.01,541.8,320300.0,I,20766726.827630997,2.6089812058350594e-05
2026-03-12,2026-03-13 00:00:00,0001437749-26-008082,RCG,"RENN Fund, Inc.",0000919567,AMEX,,,,STAHL MURRAY,0001207097,President/Co-Portfolio Manager,false,true,true,P,180.0,3.01,541.8,135048.0,I,20766726.827630997,2.6089812058350594e-05
2026-03-12,2026-03-13 00:00:00,0001437749-26-008082,RCG,"RENN Fund, Inc.",0000919567,AMEX,,,,STAHL MURRAY,0001207097,President/Co-Portfolio Manager,false,true,true,P,82.0,3.01,246.82,67204.0,I,20766726.827630997,1.1885358826581938e-05
2026-03-12,2026-03-13 00:00:00,0001437749-26-008082,RCG,"RENN Fund, Inc.",0000919567,AMEX,,,,STAHL MURRAY,0001207097,President/Co-Portfolio Manager,false,true,true,P,18.0,3.01,54.17999999999999,11754.0,I,20766726.827630997,2.608981205835059e-06
2026-03-12,2026-03-13 00:00:00,0001437749-26-008082,RCG,"RENN Fund, Inc.",0000919567,AMEX,,,,STAHL MURRAY,0001207097,President/Co-Portfolio Manager,false,true,true,P,18.0,3.01,54.17999999999999,5678.0,I,20766726.827630997,2.608981205835059e-06
2026-03-11,2026-03-12 00:00:00,0001437749-26-007854,RCG,"RENN Fund, Inc.",0000919567,AMEX,,,,STAHL MURRAY,0001207097,President/Co-Portfolio Manager,false,true,true,P,360.0,3.09,1112.3999999999999,154214.0,D,20766726.827630997,5.3566457980267996e-05
2026-03-11,2026-03-12 00:00:00,0001437749-26-007854,RCG,"RENN Fund, Inc.",0000919567,AMEX,,,,STAHL MURRAY,0001207097,President/Co-Portfolio Manager,false,true,true,P,296.0,3.09,914.64,362530.0,I,20766726.827630997,4.4043532117109244e-05
2026-03-11,2026-03-12 00:00:00,0001437749-26-007854,RCG,"RENN Fund, Inc.",0000919567,AMEX,,,,STAHL MURRAY,0001207097,President/Co-Portfolio Manager,false,true,true,P,180.0,3.09,556.1999999999999,320120.0,I,20766726.827630997,2.6783228990133998e-05
2026-03-11,2026-03-12 00:00:00,0001437749-26-007854,RCG,"RENN Fund, Inc.",0000919567,AMEX,,,,STAHL MURRAY,0001207097,President/Co-Portfolio Manager,false,true,true,P,180.0,3.09,556.1999999999999,134868.0,I,20766726.827630997,2.6783228990133998e-05
2026-03-11,2026-03-12 00:00:00,0001437749-26-007854,RCG,"RENN Fund, Inc.",0000919567,AMEX,,,,STAHL MURRAY,0001207097,President/Co-Portfolio Manager,false,true,true,P,82.0,3.09,253.38,67122.0,I,20766726.827630997,1.2201248762172156e-05
2026-03-11,2026-03-12 00:00:00,0001437749-26-007854,RCG,"RENN Fund, Inc.",0000919567,AMEX,,,,STAHL MURRAY,0001207097,President/Co-Portfolio Manager,false,true,true,P,18.0,3.09,55.62,11736.0,I,20766726.827630997,2.6783228990134e-06
2026-03-11,2026-03-12 00:00:00,0001437749-26-007854,RCG,"RENN Fund, Inc.",0000919567,AMEX,,,,STAHL MURRAY,0001207097,President/Co-Portfolio Manager,false,true,true,P,18.0,3.09,55.62,5660.0,I,20766726.827630997,2.6783228990134e-06
2026-03-10,2026-03-11 00:00:00,0001437749-26-007655,RCG,"RENN Fund, Inc.",0000919567,AMEX,,,,STAHL MURRAY,0001207097,President/Co-Portfolio Manager,false,true,true,P,360.0,2.93,1054.8,153854.0,D,20766726.827630997,5.079279025313438e-05
2026-03-10,2026-03-11 00:00:00,0001437749-26-007655,RCG,"RENN Fund, Inc.",0000919567,AMEX,,,,STAHL MURRAY,0001207097,President/Co-Portfolio Manager,false,true,true,P,296.0,2.93,867.2800000000001,362234.0,I,20766726.827630997,4.176296087479939e-05
2026-03-10,2026-03-11 00:00:00,0001437749-26-007655,RCG,"RENN Fund, Inc.",0000919567,AMEX,,,,STAHL MURRAY,0001207097,President/Co-Portfolio Manager,false,true,true,P,180.0,2.93,527.4,134688.0,I,20766726.827630997,2.539639512656719e-05
2026-03-10,2026-03-11 00:00:00,0001437749-26-007655,RCG,"RENN Fund, Inc.",0000919567,AMEX,,,,STAHL MURRAY,0001207097,President/Co-Portfolio Manager,false,true,true,P,180.0,2.93,527.4,319940.0,I,20766726.827630997,2.539639512656719e-05
2026-03-10,2026-03-11 00:00:00,0001437749-26-007655,RCG,"RENN Fund, Inc.",0000919567,AMEX,,,,STAHL MURRAY,0001207097,President/Co-Portfolio Manager,false,true,true,P,82.0,2.93,240.26000000000002,67040.0,I,20766726.827630997,1.1569468890991722e-05
2026-03-10,2026-03-11 00:00:00,0001437749-26-007655,RCG,"RENN Fund, Inc.",0000919567,AMEX,,,,STAHL MURRAY,0001207097,President/Co-Portfolio Manager,false,true,true,P,18.0,2.93,52.74,11718.0,I,20766726.827630997,2.5396395126567194e-06
2026-03-10,2026-03-11 00:00:00,0001437749-26-007655,RCG,"RENN Fund, Inc.",0000919567,AMEX,,,,STAHL MURRAY,0001207097,President/Co-Portfolio Manager,false,true,true,P,18.0,2.93,52.74,5642.0,I,20766726.827630997,2.5396395126567194e-06
2026-03-09,2026-03-10 00:00:00,0001437749-26-007454,RCG,"RENN Fund, Inc.",0000919567,AMEX,,,,STAHL MURRAY,0001207097,President/Co-Portfolio Manager,false,true,true,P,360.0,2.95,1062.0,153494.0,D,20766726.827630997,5.1139498719026084e-05
2026-03-09,2026-03-10 00:00:00,0001437749-26-007454,RCG,"RENN Fund, Inc.",0000919567,AMEX,,,,STAHL MURRAY,0001207097,President/Co-Portfolio Manager,false,true,true,P,296.0,2.95,873.2,361938.0,I,20766726.827630997,4.2048032280088116e-05
2026-03-09,2026-03-10 00:00:00,0001437749-26-007454,RCG,"RENN Fund, Inc.",0000919567,AMEX,,,,STAHL MURRAY,0001207097,President/Co-Portfolio Manager,false,true,true,P,180.0,2.95,531.0,319760.0,I,20766726.827630997,2.5569749359513042e-05
2026-03-09,2026-03-10 00:00:00,0001437749-26-007454,RCG,"RENN Fund, Inc.",0000919567,AMEX,,,,STAHL MURRAY,0001207097,President/Co-Portfolio Manager,false,true,true,P,180.0,2.95,531.0,134508.0,I,20766726.827630997,2.5569749359513042e-05
2026-03-09,2026-03-10 00:00:00,0001437749-26-007454,RCG,"RENN Fund, Inc.",0000919567,AMEX,,,,STAHL MURRAY,0001207097,President/Co-Portfolio Manager,false,true,true,P,82.0,2.95,241.9,66958.0,I,20766726.827630997,1.1648441374889275e-05
2026-03-09,2026-03-10 00:00:00,0001437749-26-007454,RCG,"RENN Fund, Inc.",0000919567,AMEX,,,,STAHL MURRAY,0001207097,President/Co-Portfolio Manager,false,true,true,P,18.0,2.95,53.1,11700.0,I,20766726.827630997,2.5569749359513045e-06
2026-03-09,2026-03-10 00:00:00,0001437749-26-007454,RCG,"RENN Fund, Inc.",0000919567,AMEX,,,,STAHL MURRAY,0001207097,President/Co-Portfolio Manager,false,true,true,P,18.0,2.95,53.1,5624.0,I,20766726.827630997,2.5569749359513045e-06
2026-03-06,2026-03-09 00:00:00,0001437749-26-007290,RCG,"RENN Fund, Inc.",0000919567,AMEX,,,,STAHL MURRAY,0001207097,President/Co-Portfolio Manager,false,true,true,P,360.0,2.93,1054.8,153134.0,D,20766726.827630997,5.079279025313438e-05
2026-03-06,2026-03-09 00:00:00,0001437749-26-007290,RCG,"RENN Fund, Inc.",0000919567,AMEX,,,,STAHL MURRAY,0001207097,President/Co-Portfolio Manager,false,true,true,P,296.0,2.93,867.2800000000001,361642.0,I,20766726.827630997,4.176296087479939e-05
2026-03-06,2026-03-09 00:00:00,0001437749-26-007290,RCG,"RENN Fund, Inc.",0000919567,AMEX,,,,STAHL MURRAY,0001207097,President/Co-Portfolio Manager,false,true,true,P,180.0,2.93,527.4,319580.0,I,20766726.827630997,2.539639512656719e-05
2026-03-06,2026-03-09 00:00:00,0001437749-26-007290,RCG,"RENN Fund, Inc.",0000919567,AMEX,,,,STAHL MURRAY,0001207097,President/Co-Portfolio Manager,false,true,true,P,180.0,2.93,527.4,134328.0,I,20766726.827630997,2.539639512656719e-05
2026-03-06,2026-03-09 00:00:00,0001437749-26-007290,RCG,"RENN Fund, Inc.",0000919567,AMEX,,,,STAHL MURRAY,0001207097,President/Co-Portfolio Manager,false,true,true,P,82.0,2.93,240.26000000000002,66876.0,I,20766726.827630997,1.1569468890991722e-05
2026-03-06,2026-03-09 00:00:00,0001437749-26-007290,RCG,"RENN Fund, Inc.",0000919567,AMEX,,,,STAHL MURRAY,0001207097,President/Co-Portfolio Manager,false,true,true,P,18.0,2.93,52.74,5606.0,I,20766726.827630997,2.5396395126567194e-06
2026-03-06,2026-03-09 00:00:00,0001437749-26-007290,RCG,"RENN Fund, Inc.",0000919567,AMEX,,,,STAHL MURRAY,0001207097,President/Co-Portfolio Manager,false,true,true,P,18.0,2.93,52.74,11682.0,I,20766726.827630997,2.5396395126567194e-06
2026-03-05,2026-03-06 00:00:00,0001437749-26-007163,RCG,"RENN Fund, Inc.",0000919567,AMEX,,,,STAHL MURRAY,0001207097,President/Co-Portfolio Manager,false,true,true,P,360.0,2.9,1044.0,152774.0,D,20766726.827630997,5.027272755429683e-05
2026-03-05,2026-03-06 00:00:00,0001437749-26-007163,RCG,"RENN Fund, Inc.",0000919567,AMEX,,,,STAHL MURRAY,0001207097,President/Co-Portfolio Manager,false,true,true,P,296.0,2.9,858.4,361346.0,I,20766726.827630997,4.133535376686628e-05
2026-03-05,2026-03-06 00:00:00,0001437749-26-007163,RCG,"RENN Fund, Inc.",0000919567,AMEX,,,,STAHL MURRAY,0001207097,President/Co-Portfolio Manager,false,true,true,P,180.0,2.9,522.0,134148.0,I,20766726.827630997,2.5136363777148414e-05
2026-03-05,2026-03-06 00:00:00,0001437749-26-007163,RCG,"RENN Fund, Inc.",0000919567,AMEX,,,,STAHL MURRAY,0001207097,President/Co-Portfolio Manager,false,true,true,P,180.0,2.9,522.0,319400.0,I,20766726.827630997,2.5136363777148414e-05
2026-03-05,2026-03-06 00:00:00,0001437749-26-007163,RCG,"RENN Fund, Inc.",0000919567,AMEX,,,,STAHL MURRAY,0001207097,President/Co-Portfolio Manager,false,true,true,P,82.0,2.9,237.79999999999998,66794.0,I,20766726.827630997,1.1451010165145389e-05
2026-03-05,2026-03-06 00:00:00,0001437749-26-007163,RCG,"RENN Fund, Inc.",0000919567,AMEX,,,,STAHL MURRAY,0001207097,President/Co-Portfolio Manager,false,true,true,P,18.0,2.9,52.199999999999996,5588.0,I,20766726.827630997,2.5136363777148413e-06
2026-03-05,2026-03-06 00:00:00,0001437749-26-007163,RCG,"RENN Fund, Inc.",0000919567,AMEX,,,,STAHL MURRAY,0001207097,President/Co-Portfolio Manager,false,true,true,P,18.0,2.9,52.199999999999996,11664.0,I,20766726.827630997,2.5136363777148413e-06
2026-03-04,2026-03-05 00:00:00,0001437749-26-007055,RCG,"RENN Fund, Inc.",0000919567,AMEX,,,,STAHL MURRAY,0001207097,President/Co-Portfolio Manager,false,true,true,P,360.0,2.88,1036.8,152414.0,D,20766726.827630997,4.992601908840513e-05
2026-03-04,2026-03-05 00:00:00,0001437749-26-007055,RCG,"RENN Fund, Inc.",0000919567,AMEX,,,,STAHL MURRAY,0001207097,President/Co-Portfolio Manager,false,true,true,P,296.0,2.88,852.48,361050.0,I,20766726.827630997,4.105028236157755e-05
2026-03-04,2026-03-05 00:00:00,0001437749-26-007054,RCG,"RENN Fund, Inc.",0000919567,AMEX,,,,DOYLE PETER,0001295022,,false,false,false,P,200.0,2.92,584.0,900.0,D,20766726.827630997,2.812190890010474e-05
2026-03-04,2026-03-05 00:00:00,0001437749-26-007055,RCG,"RENN Fund, Inc.",0000919567,AMEX,,,,STAHL MURRAY,0001207097,President/Co-Portfolio Manager,false,true,true,P,180.0,2.88,518.4,319220.0,I,20766726.827630997,2.4963009544202564e-05
2026-03-04,2026-03-05 00:00:00,0001437749-26-007055,RCG,"RENN Fund, Inc.",0000919567,AMEX,,,,STAHL MURRAY,0001207097,President/Co-Portfolio Manager,false,true,true,P,180.0,2.88,518.4,133968.0,I,20766726.827630997,2.4963009544202564e-05
2026-03-04,2026-03-05 00:00:00,0001437749-26-007055,RCG,"RENN Fund, Inc.",0000919567,AMEX,,,,STAHL MURRAY,0001207097,President/Co-Portfolio Manager,false,true,true,P,82.0,2.88,236.16,66712.0,I,20766726.827630997,1.1372037681247834e-05
2026-03-04,2026-03-05 00:00:00,0001437749-26-007055,RCG,"RENN Fund, Inc.",0000919567,AMEX,,,,STAHL MURRAY,0001207097,President/Co-Portfolio Manager,false,true,true,P,18.0,2.88,51.839999999999996,11646.0,I,20766726.827630997,2.4963009544202562e-06
2026-03-04,2026-03-05 00:00:00,0001437749-26-007055,RCG,"RENN Fund, Inc.",0000919567,AMEX,,,,STAHL MURRAY,0001207097,President/Co-Portfolio Manager,false,true,true,P,18.0,2.88,51.839999999999996,5570.0,I,20766726.827630997,2.4963009544202562e-06
2026-03-03,2026-03-04 00:00:00,0001437749-26-006834,RCG,"RENN Fund, Inc.",0000919567,AMEX,,,,STAHL MURRAY,0001207097,President/Co-Portfolio Manager,false,true,true,P,360.0,2.9,1044.0,152054.0,D,20766726.827630997,5.027272755429683e-05
2026-03-03,2026-03-04 00:00:00,0001437749-26-006834,RCG,"RENN Fund, Inc.",0000919567,AMEX,,,,STAHL MURRAY,0001207097,President/Co-Portfolio Manager,false,true,true,P,296.0,2.9,858.4,360754.0,I,20766726.827630997,4.133535376686628e-05
2026-03-03,2026-03-04 00:00:00,0001437749-26-006834,RCG,"RENN Fund, Inc.",0000919567,AMEX,,,,STAHL MURRAY,0001207097,President/Co-Portfolio Manager,false,true,true,P,180.0,2.9,522.0,133788.0,I,20766726.827630997,2.5136363777148414e-05
2026-03-03,2026-03-04 00:00:00,0001437749-26-006834,RCG,"RENN Fund, Inc.",0000919567,AMEX,,,,STAHL MURRAY,0001207097,President/Co-Portfolio Manager,false,true,true,P,180.0,2.9,522.0,319040.0,I,20766726.827630997,2.5136363777148414e-05
2026-03-03,2026-03-04 00:00:00,0001437749-26-006834,RCG,"RENN Fund, Inc.",0000919567,AMEX,,,,STAHL MURRAY,0001207097,President/Co-Portfolio Manager,false,true,true,P,82.0,2.9,237.79999999999998,66630.0,I,20766726.827630997,1.1451010165145389e-05
2026-03-03,2026-03-04 00:00:00,0001437749-26-006834,RCG,"RENN Fund, Inc.",0000919567,AMEX,,,,STAHL MURRAY,0001207097,President/Co-Portfolio Manager,false,true,true,P,18.0,2.9,52.199999999999996,5552.0,I,20766726.827630997,2.5136363777148413e-06
2026-03-03,2026-03-04 00:00:00,0001437749-26-006834,RCG,"RENN Fund, Inc.",0000919567,AMEX,,,,STAHL MURRAY,0001207097,President/Co-Portfolio Manager,false,true,true,P,18.0,2.9,52.199999999999996,11628.0,I,20766726.827630997,2.5136363777148413e-06
2026-03-02,2026-03-03 00:00:00,0001437749-26-006563,RCG,"RENN Fund, Inc.",0000919567,AMEX,,,,STAHL MURRAY,0001207097,President/Co-Portfolio Manager,false,true,true,P,360.0,2.88,1036.8,151694.0,D,20766726.827630997,4.992601908840513e-05
2026-03-02,2026-03-03 00:00:00,0001437749-26-006563,RCG,"RENN Fund, Inc.",0000919567,AMEX,,,,STAHL MURRAY,0001207097,President/Co-Portfolio Manager,false,true,true,P,296.0,2.88,852.48,360458.0,I,20766726.827630997,4.105028236157755e-05
2026-03-02,2026-03-03 00:00:00,0001437749-26-006563,RCG,"RENN Fund, Inc.",0000919567,AMEX,,,,STAHL MURRAY,0001207097,President/Co-Portfolio Manager,false,true,true,P,180.0,2.88,518.4,318860.0,I,20766726.827630997,2.4963009544202564e-05
2026-03-02,2026-03-03 00:00:00,0001437749-26-006563,RCG,"RENN Fund, Inc.",0000919567,AMEX,,,,STAHL MURRAY,0001207097,President/Co-Portfolio Manager,false,true,true,P,180.0,2.88,518.4,133608.0,I,20766726.827630997,2.4963009544202564e-05
2026-03-02,2026-03-03 00:00:00,0001437749-26-006563,RCG,"RENN Fund, Inc.",0000919567,AMEX,,,,STAHL MURRAY,0001207097,President/Co-Portfolio Manager,false,true,true,P,82.0,2.88,236.16,66548.0,I,20766726.827630997,1.1372037681247834e-05
2026-03-02,2026-03-03 00:00:00,0001437749-26-006563,RCG,"RENN Fund, Inc.",0000919567,AMEX,,,,STAHL MURRAY,0001207097,President/Co-Portfolio Manager,false,true,true,P,18.0,2.88,51.839999999999996,11610.0,I,20766726.827630997,2.4963009544202562e-06
2026-03-02,2026-03-03 00:00:00,0001437749-26-006563,RCG,"RENN Fund, Inc.",0000919567,AMEX,,,,STAHL MURRAY,0001207097,President/Co-Portfolio Manager,false,true,true,P,18.0,2.88,51.839999999999996,5534.0,I,20766726.827630997,2.4963009544202562e-06
2026-02-27,2026-03-02 00:00:00,0001437749-26-006371,RCG,"RENN Fund, Inc.",0000919567,AMEX,,,,STAHL MURRAY,0001207097,President/Co-Portfolio Manager,false,true,true,P,360.0,2.85,1026.0,151334.0,D,20766726.827630997,4.940595638956758e-05
2026-02-27,2026-03-02 00:00:00,0001437749-26-006371,RCG,"RENN Fund, Inc.",0000919567,AMEX,,,,STAHL MURRAY,0001207097,President/Co-Portfolio Manager,false,true,true,P,296.0,2.85,843.6,360162.0,I,20766726.827630997,4.062267525364445e-05
2026-02-27,2026-03-02 00:00:00,0001437749-26-006371,RCG,"RENN Fund, Inc.",0000919567,AMEX,,,,STAHL MURRAY,0001207097,President/Co-Portfolio Manager,false,true,true,P,180.0,2.85,513.0,133428.0,I,20766726.827630997,2.470297819478379e-05
2026-02-27,2026-03-02 00:00:00,0001437749-26-006371,RCG,"RENN Fund, Inc.",0000919567,AMEX,,,,STAHL MURRAY,0001207097,President/Co-Portfolio Manager,false,true,true,P,180.0,2.85,513.0,318680.0,I,20766726.827630997,2.470297819478379e-05
2026-02-27,2026-03-02 00:00:00,0001437749-26-006371,RCG,"RENN Fund, Inc.",0000919567,AMEX,,,,STAHL MURRAY,0001207097,President/Co-Portfolio Manager,false,true,true,P,82.0,2.85,233.70000000000002,66466.0,I,20766726.827630997,1.1253578955401504e-05
2026-02-27,2026-03-02 00:00:00,0001437749-26-006371,RCG,"RENN Fund, Inc.",0000919567,AMEX,,,,STAHL MURRAY,0001207097,President/Co-Portfolio Manager,false,true,true,P,18.0,2.85,51.300000000000004,11592.0,I,20766726.827630997,2.470297819478379e-06
2026-02-27,2026-03-02 00:00:00,0001437749-26-006371,RCG,"RENN Fund, Inc.",0000919567,AMEX,,,,STAHL MURRAY,0001207097,President/Co-Portfolio Manager,false,true,true,P,18.0,2.85,51.300000000000004,5516.0,I,20766726.827630997,2.470297819478379e-06
2026-02-26,2026-02-27 00:00:00,0001437749-26-006030,RCG,"RENN Fund, Inc.",0000919567,AMEX,,,,STAHL MURRAY,0001207097,President/Co-Portfolio Manager,false,true,true,P,360.0,2.85,1026.0,150974.0,D,20766726.827630997,4.940595638956758e-05
2026-02-26,2026-02-27 00:00:00,0001437749-26-006030,RCG,"RENN Fund, Inc.",0000919567,AMEX,,,,STAHL MURRAY,0001207097,President/Co-Portfolio Manager,false,true,true,P,296.0,2.85,843.6,359866.0,I,20766726.827630997,4.062267525364445e-05
2026-02-26,2026-02-27 00:00:00,0001437749-26-006030,RCG,"RENN Fund, Inc.",0000919567,AMEX,,,,STAHL MURRAY,0001207097,President/Co-Portfolio Manager,false,true,true,P,180.0,2.85,513.0,133248.0,I,20766726.827630997,2.470297819478379e-05
2026-02-26,2026-02-27 00:00:00,0001437749-26-006030,RCG,"RENN Fund, Inc.",0000919567,AMEX,,,,STAHL MURRAY,0001207097,President/Co-Portfolio Manager,false,true,true,P,180.0,2.85,513.0,318500.0,I,20766726.827630997,2.470297819478379e-05
2026-02-26,2026-02-27 00:00:00,0001437749-26-006030,RCG,"RENN Fund, Inc.",0000919567,AMEX,,,,STAHL MURRAY,0001207097,President/Co-Portfolio Manager,false,true,true,P,82.0,2.85,233.70000000000002,66384.0,I,20766726.827630997,1.1253578955401504e-05
2026-02-26,2026-02-27 00:00:00,0001437749-26-006030,RCG,"RENN Fund, Inc.",0000919567,AMEX,,,,STAHL MURRAY,0001207097,President/Co-Portfolio Manager,false,true,true,P,18.0,2.85,51.300000000000004,5498.0,I,20766726.827630997,2.470297819478379e-06
2026-02-26,2026-02-27 00:00:00,0001437749-26-006030,RCG,"RENN Fund, Inc.",0000919567,AMEX,,,,STAHL MURRAY,0001207097,President/Co-Portfolio Manager,false,true,true,P,18.0,2.85,51.300000000000004,11574.0,I,20766726.827630997,2.470297819478379e-06
2026-02-25,2026-02-26 00:00:00,0001437749-26-005756,RCG,"RENN Fund, Inc.",0000919567,AMEX,,,,STAHL MURRAY,0001207097,President/Co-Portfolio Manager,false,true,true,P,360.0,2.92,1051.2,150614.0,D,20766726.827630997,5.061943602018853e-05
2026-02-25,2026-02-26 00:00:00,0001437749-26-005756,RCG,"RENN Fund, Inc.",0000919567,AMEX,,,,STAHL MURRAY,0001207097,President/Co-Portfolio Manager,false,true,true,P,296.0,2.92,864.3199999999999,359570.0,I,20766726.827630997,4.1620425172155015e-05
2026-02-25,2026-02-26 00:00:00,0001437749-26-005756,RCG,"RENN Fund, Inc.",0000919567,AMEX,,,,STAHL MURRAY,0001207097,President/Co-Portfolio Manager,false,true,true,P,180.0,2.92,525.6,133068.0,I,20766726.827630997,2.5309718010094266e-05
2026-02-25,2026-02-26 00:00:00,0001437749-26-005756,RCG,"RENN Fund, Inc.",0000919567,AMEX,,,,STAHL MURRAY,0001207097,President/Co-Portfolio Manager,false,true,true,P,180.0,2.92,525.6,318320.0,I,20766726.827630997,2.5309718010094266e-05
2026-02-25,2026-02-26 00:00:00,0001437749-26-005756,RCG,"RENN Fund, Inc.",0000919567,AMEX,,,,STAHL MURRAY,0001207097,President/Co-Portfolio Manager,false,true,true,P,82.0,2.92,239.44,66302.0,I,20766726.827630997,1.1529982649042944e-05
2026-02-25,2026-02-26 00:00:00,0001437749-26-005756,RCG,"RENN Fund, Inc.",0000919567,AMEX,,,,STAHL MURRAY,0001207097,President/Co-Portfolio Manager,false,true,true,P,18.0,2.92,52.56,5480.0,I,20766726.827630997,2.5309718010094267e-06
2026-02-25,2026-02-26 00:00:00,0001437749-26-005756,RCG,"RENN Fund, Inc.",0000919567,AMEX,,,,STAHL MURRAY,0001207097,President/Co-Portfolio Manager,false,true,true,P,18.0,2.92,52.56,11556.0,I,20766726.827630997,2.5309718010094267e-06
2026-02-24,2026-02-25 00:00:00,0001437749-26-005486,RCG,"RENN Fund, Inc.",0000919567,AMEX,,,,STAHL MURRAY,0001207097,President/Co-Portfolio Manager,false,true,true,P,360.0,2.9,1044.0,150254.0,D,20766726.827630997,5.027272755429683e-05
2026-02-24,2026-02-25 00:00:00,0001437749-26-005486,RCG,"RENN Fund, Inc.",0000919567,AMEX,,,,STAHL MURRAY,0001207097,President/Co-Portfolio Manager,false,true,true,P,296.0,2.9,858.4,359274.0,I,20766726.827630997,4.133535376686628e-05
2026-02-24,2026-02-25 00:00:00,0001437749-26-005486,RCG,"RENN Fund, Inc.",0000919567,AMEX,,,,STAHL MURRAY,0001207097,President/Co-Portfolio Manager,false,true,true,P,180.0,2.9,522.0,132888.0,I,20766726.827630997,2.5136363777148414e-05
2026-02-24,2026-02-25 00:00:00,0001437749-26-005486,RCG,"RENN Fund, Inc.",0000919567,AMEX,,,,STAHL MURRAY,0001207097,President/Co-Portfolio Manager,false,true,true,P,180.0,2.9,522.0,318140.0,I,20766726.827630997,2.5136363777148414e-05
2026-02-24,2026-02-25 00:00:00,0001437749-26-005486,RCG,"RENN Fund, Inc.",0000919567,AMEX,,,,STAHL MURRAY,0001207097,President/Co-Portfolio Manager,false,true,true,P,82.0,2.9,237.79999999999998,66220.0,I,20766726.827630997,1.1451010165145389e-05
2026-02-24,2026-02-25 00:00:00,0001437749-26-005486,RCG,"RENN Fund, Inc.",0000919567,AMEX,,,,STAHL MURRAY,0001207097,President/Co-Portfolio Manager,false,true,true,P,18.0,2.9,52.199999999999996,11538.0,I,20766726.827630997,2.5136363777148413e-06
2026-02-24,2026-02-25 00:00:00,0001437749-26-005486,RCG,"RENN Fund, Inc.",0000919567,AMEX,,,,STAHL MURRAY,0001207097,President/Co-Portfolio Manager,false,true,true,P,18.0,2.9,52.199999999999996,5462.0,I,20766726.827630997,2.5136363777148413e-06
2026-02-23,2026-02-24 00:00:00,0001437749-26-005199,RCG,"RENN Fund, Inc.",0000919567,AMEX,,,,STAHL MURRAY,0001207097,President/Co-Portfolio Manager,false,true,true,P,360.0,2.87,1033.2,149894.0,D,20766726.827630997,4.9752664855459275e-05
2026-02-23,2026-02-24 00:00:00,0001437749-26-005199,RCG,"RENN Fund, Inc.",0000919567,AMEX,,,,STAHL MURRAY,0001207097,President/Co-Portfolio Manager,false,true,true,P,296.0,2.87,849.52,358978.0,I,20766726.827630997,4.090774665893318e-05
2026-02-23,2026-02-24 00:00:00,0001437749-26-005199,RCG,"RENN Fund, Inc.",0000919567,AMEX,,,,STAHL MURRAY,0001207097,President/Co-Portfolio Manager,false,true,true,P,180.0,2.87,516.6,317960.0,I,20766726.827630997,2.4876332427729638e-05
2026-02-23,2026-02-24 00:00:00,0001437749-26-005199,RCG,"RENN Fund, Inc.",0000919567,AMEX,,,,STAHL MURRAY,0001207097,President/Co-Portfolio Manager,false,true,true,P,180.0,2.87,516.6,132708.0,I,20766726.827630997,2.4876332427729638e-05
2026-02-23,2026-02-24 00:00:00,0001437749-26-005199,RCG,"RENN Fund, Inc.",0000919567,AMEX,,,,STAHL MURRAY,0001207097,President/Co-Portfolio Manager,false,true,true,P,82.0,2.87,235.34,66138.0,I,20766726.827630997,1.1332551439299057e-05
2026-02-23,2026-02-24 00:00:00,0001437749-26-005199,RCG,"RENN Fund, Inc.",0000919567,AMEX,,,,STAHL MURRAY,0001207097,President/Co-Portfolio Manager,false,true,true,P,18.0,2.87,51.660000000000004,11520.0,I,20766726.827630997,2.487633242772964e-06
2026-02-23,2026-02-24 00:00:00,0001437749-26-005199,RCG,"RENN Fund, Inc.",0000919567,AMEX,,,,STAHL MURRAY,0001207097,President/Co-Portfolio Manager,false,true,true,P,18.0,2.87,51.660000000000004,5444.0,I,20766726.827630997,2.487633242772964e-06
2026-02-20,2026-02-23 00:00:00,0001437749-26-004992,RCG,"RENN Fund, Inc.",0000919567,AMEX,,,,STAHL MURRAY,0001207097,President/Co-Portfolio Manager,false,true,true,P,360.0,2.84,1022.4,149534.0,D,20766726.827630997,4.9232602156621724e-05
2026-02-20,2026-02-23 00:00:00,0001437749-26-004992,RCG,"RENN Fund, Inc.",0000919567,AMEX,,,,STAHL MURRAY,0001207097,President/Co-Portfolio Manager,false,true,true,P,296.0,2.84,840.64,358682.0,I,20766726.827630997,4.048013955100008e-05
2026-02-20,2026-02-23 00:00:00,0001437749-26-005039,RCG,"RENN Fund, Inc.",0000919567,AMEX,,,,DOYLE PETER,0001295022,,false,false,false,P,200.0,2.78,556.0,700.0,D,20766726.827630997,2.6773598199414787e-05
2026-02-20,2026-02-23 00:00:00,0001437749-26-004992,RCG,"RENN Fund, Inc.",0000919567,AMEX,,,,STAHL MURRAY,0001207097,President/Co-Portfolio Manager,false,true,true,P,180.0,2.84,511.2,317780.0,I,20766726.827630997,2.4616301078310862e-05
2026-02-20,2026-02-23 00:00:00,0001437749-26-004992,RCG,"RENN Fund, Inc.",0000919567,AMEX,,,,STAHL MURRAY,0001207097,President/Co-Portfolio Manager,false,true,true,P,180.0,2.84,511.2,132528.0,I,20766726.827630997,2.4616301078310862e-05
2026-02-20,2026-02-23 00:00:00,0001437749-26-004992,RCG,"RENN Fund, Inc.",0000919567,AMEX,,,,STAHL MURRAY,0001207097,President/Co-Portfolio Manager,false,true,true,P,82.0,2.84,232.88,66056.0,I,20766726.827630997,1.1214092713452726e-05
2026-02-20,2026-02-23 00:00:00,0001437749-26-004992,RCG,"RENN Fund, Inc.",0000919567,AMEX,,,,STAHL MURRAY,0001207097,President/Co-Portfolio Manager,false,true,true,P,18.0,2.84,51.12,5426.0,I,20766726.827630997,2.461630107831086e-06
2026-02-20,2026-02-23 00:00:00,0001437749-26-004992,RCG,"RENN Fund, Inc.",0000919567,AMEX,,,,STAHL MURRAY,0001207097,President/Co-Portfolio Manager,false,true,true,P,18.0,2.84,51.12,11502.0,I,20766726.827630997,2.461630107831086e-06
2026-02-19,2026-02-20 00:00:00,0001437749-26-004833,RCG,"RENN Fund, Inc.",0000919567,AMEX,,,,STAHL MURRAY,0001207097,President/Co-Portfolio Manager,false,true,true,P,360.0,2.88,1036.8,149174.0,D,20766726.827630997,4.992601908840513e-05
2026-02-19,2026-02-20 00:00:00,0001437749-26-004833,RCG,"RENN Fund, Inc.",0000919567,AMEX,,,,STAHL MURRAY,0001207097,President/Co-Portfolio Manager,false,true,true,P,296.0,2.88,852.48,358386.0,I,20766726.827630997,4.105028236157755e-05
2026-02-19,2026-02-20 00:00:00,0001437749-26-004833,RCG,"RENN Fund, Inc.",0000919567,AMEX,,,,STAHL MURRAY,0001207097,President/Co-Portfolio Manager,false,true,true,P,180.0,2.88,518.4,317600.0,I,20766726.827630997,2.4963009544202564e-05
2026-02-19,2026-02-20 00:00:00,0001437749-26-004833,RCG,"RENN Fund, Inc.",0000919567,AMEX,,,,STAHL MURRAY,0001207097,President/Co-Portfolio Manager,false,true,true,P,180.0,2.88,518.4,132348.0,I,20766726.827630997,2.4963009544202564e-05
2026-02-19,2026-02-23 00:00:00,0001437749-26-005039,RCG,"RENN Fund, Inc.",0000919567,AMEX,,,,DOYLE PETER,0001295022,,false,false,false,P,100.0,2.71,271.0,500.0,D,20766726.827630997,1.3049721424534904e-05
2026-02-19,2026-02-20 00:00:00,0001437749-26-004833,RCG,"RENN Fund, Inc.",0000919567,AMEX,,,,STAHL MURRAY,0001207097,President/Co-Portfolio Manager,false,true,true,P,82.0,2.88,236.16,65974.0,I,20766726.827630997,1.1372037681247834e-05
2026-02-19,2026-02-20 00:00:00,0001437749-26-004833,RCG,"RENN Fund, Inc.",0000919567,AMEX,,,,STAHL MURRAY,0001207097,President/Co-Portfolio Manager,false,true,true,P,18.0,2.88,51.839999999999996,5408.0,I,20766726.827630997,2.4963009544202562e-06
2026-02-19,2026-02-20 00:00:00,0001437749-26-004833,RCG,"RENN Fund, Inc.",0000919567,AMEX,,,,STAHL MURRAY,0001207097,President/Co-Portfolio Manager,false,true,true,P,18.0,2.88,51.839999999999996,11484.0,I,20766726.827630997,2.4963009544202562e-06
2026-02-18,2026-02-19 00:00:00,0001437749-26-004672,RCG,"RENN Fund, Inc.",0000919567,AMEX,,,,STAHL MURRAY,0001207097,President/Co-Portfolio Manager,false,true,true,P,360.0,2.75,990.0,148814.0,D,20766726.827630997,4.767241406010906e-05
2026-02-18,2026-02-19 00:00:00,0001437749-26-004672,RCG,"RENN Fund, Inc.",0000919567,AMEX,,,,STAHL MURRAY,0001207097,President/Co-Portfolio Manager,false,true,true,P,296.0,2.75,814.0,358090.0,I,20766726.827630997,3.919731822720079e-05
2026-02-18,2026-02-19 00:00:00,0001437749-26-004672,RCG,"RENN Fund, Inc.",0000919567,AMEX,,,,STAHL MURRAY,0001207097,President/Co-Portfolio Manager,false,true,true,P,180.0,2.75,495.0,132168.0,I,20766726.827630997,2.383620703005453e-05
2026-02-18,2026-02-19 00:00:00,0001437749-26-004672,RCG,"RENN Fund, Inc.",0000919567,AMEX,,,,STAHL MURRAY,0001207097,President/Co-Portfolio Manager,false,true,true,P,180.0,2.75,495.0,317420.0,I,20766726.827630997,2.383620703005453e-05
2026-02-18,2026-02-19 00:00:00,0001437749-26-004672,RCG,"RENN Fund, Inc.",0000919567,AMEX,,,,STAHL MURRAY,0001207097,President/Co-Portfolio Manager,false,true,true,P,82.0,2.75,225.5,65892.0,I,20766726.827630997,1.0858716535913731e-05
2026-02-18,2026-02-19 00:00:00,0001437749-26-004672,RCG,"RENN Fund, Inc.",0000919567,AMEX,,,,STAHL MURRAY,0001207097,President/Co-Portfolio Manager,false,true,true,P,18.0,2.75,49.5,11466.0,I,20766726.827630997,2.383620703005453e-06
2026-02-18,2026-02-19 00:00:00,0001437749-26-004672,RCG,"RENN Fund, Inc.",0000919567,AMEX,,,,STAHL MURRAY,0001207097,President/Co-Portfolio Manager,false,true,true,P,18.0,2.75,49.5,5390.0,I,20766726.827630997,2.383620703005453e-06
2026-02-17,2026-02-18 00:00:00,0001437749-26-004479,RCG,"RENN Fund, Inc.",0000919567,AMEX,,,,STAHL MURRAY,0001207097,President/Co-Portfolio Manager,false,true,true,P,360.0,2.77,997.2,148454.0,D,20766726.827630997,4.801912252600077e-05
2026-02-17,2026-02-18 00:00:00,0001437749-26-004479,RCG,"RENN Fund, Inc.",0000919567,AMEX,,,,STAHL MURRAY,0001207097,President/Co-Portfolio Manager,false,true,true,P,296.0,2.77,819.92,357794.0,I,20766726.827630997,3.9482389632489514e-05
2026-02-17,2026-02-18 00:00:00,0001437749-26-004479,RCG,"RENN Fund, Inc.",0000919567,AMEX,,,,STAHL MURRAY,0001207097,President/Co-Portfolio Manager,false,true,true,P,180.0,2.77,498.6,131988.0,I,20766726.827630997,2.4009561263000384e-05
2026-02-17,2026-02-18 00:00:00,0001437749-26-004479,RCG,"RENN Fund, Inc.",0000919567,AMEX,,,,STAHL MURRAY,0001207097,President/Co-Portfolio Manager,false,true,true,P,180.0,2.77,498.6,317240.0,I,20766726.827630997,2.4009561263000384e-05
2026-02-17,2026-02-18 00:00:00,0001437749-26-004479,RCG,"RENN Fund, Inc.",0000919567,AMEX,,,,STAHL MURRAY,0001207097,President/Co-Portfolio Manager,false,true,true,P,82.0,2.77,227.14000000000001,65810.0,I,20766726.827630997,1.0937689019811286e-05
2026-02-17,2026-02-18 00:00:00,0001437749-26-004479,RCG,"RENN Fund, Inc.",0000919567,AMEX,,,,STAHL MURRAY,0001207097,President/Co-Portfolio Manager,false,true,true,P,18.0,2.77,49.86,5372.0,I,20766726.827630997,2.4009561263000384e-06
2026-02-17,2026-02-18 00:00:00,0001437749-26-004479,RCG,"RENN Fund, Inc.",0000919567,AMEX,,,,STAHL MURRAY,0001207097,President/Co-Portfolio Manager,false,true,true,P,18.0,2.77,49.86,11448.0,I,20766726.827630997,2.4009561263000384e-06
2026-02-13,2026-02-17 00:00:00,0001437749-26-004277,RCG,"RENN Fund, Inc.",0000919567,AMEX,,,,STAHL MURRAY,0001207097,President/Co-Portfolio Manager,false,true,true,P,360.0,2.83,1018.8000000000001,148094.0,D,20766726.827630997,4.905924792367588e-05
2026-02-13,2026-02-17 00:00:00,0001437749-26-004277,RCG,"RENN Fund, Inc.",0000919567,AMEX,,,,STAHL MURRAY,0001207097,President/Co-Portfolio Manager,false,true,true,P,296.0,2.83,837.6800000000001,357498.0,I,20766726.827630997,4.033760384835572e-05
2026-02-13,2026-02-17 00:00:00,0001437749-26-004277,RCG,"RENN Fund, Inc.",0000919567,AMEX,,,,STAHL MURRAY,0001207097,President/Co-Portfolio Manager,false,true,true,P,180.0,2.83,509.40000000000003,131808.0,I,20766726.827630997,2.452962396183794e-05
2026-02-13,2026-02-17 00:00:00,0001437749-26-004277,RCG,"RENN Fund, Inc.",0000919567,AMEX,,,,STAHL MURRAY,0001207097,President/Co-Portfolio Manager,false,true,true,P,180.0,2.83,509.40000000000003,317060.0,I,20766726.827630997,2.452962396183794e-05
2026-02-13,2026-02-23 00:00:00,0001437749-26-005039,RCG,"RENN Fund, Inc.",0000919567,AMEX,,,,DOYLE PETER,0001295022,,false,false,false,P,100.0,2.8,280.0,400.0,D,20766726.827630997,1.3483107006899533e-05
2026-02-13,2026-02-17 00:00:00,0001437749-26-004277,RCG,"RENN Fund, Inc.",0000919567,AMEX,,,,STAHL MURRAY,0001207097,President/Co-Portfolio Manager,false,true,true,P,82.0,2.83,232.06,65728.0,I,20766726.827630997,1.1174606471503949e-05
2026-02-13,2026-02-17 00:00:00,0001437749-26-004277,RCG,"RENN Fund, Inc.",0000919567,AMEX,,,,STAHL MURRAY,0001207097,President/Co-Portfolio Manager,false,true,true,P,18.0,2.83,50.94,11430.0,I,20766726.827630997,2.4529623961837935e-06
2026-02-13,2026-02-17 00:00:00,0001437749-26-004277,RCG,"RENN Fund, Inc.",0000919567,AMEX,,,,STAHL MURRAY,0001207097,President/Co-Portfolio Manager,false,true,true,P,18.0,2.83,50.94,5354.0,I,20766726.827630997,2.4529623961837935e-06
2026-02-12,2026-02-13 00:00:00,0001437749-26-004019,RCG,"RENN Fund, Inc.",0000919567,AMEX,,,,STAHL MURRAY,0001207097,President/Co-Portfolio Manager,false,true,true,P,360.0,2.73,982.8,147734.0,D,20766726.827630997,4.732570559421736e-05
2026-02-12,2026-02-13 00:00:00,0001437749-26-004019,RCG,"RENN Fund, Inc.",0000919567,AMEX,,,,STAHL MURRAY,0001207097,President/Co-Portfolio Manager,false,true,true,P,296.0,2.73,808.08,357202.0,I,20766726.827630997,3.891224682191205e-05
2026-02-12,2026-02-13 00:00:00,0001437749-26-004019,RCG,"RENN Fund, Inc.",0000919567,AMEX,,,,STAHL MURRAY,0001207097,President/Co-Portfolio Manager,false,true,true,P,180.0,2.73,491.4,131628.0,I,20766726.827630997,2.366285279710868e-05
2026-02-12,2026-02-13 00:00:00,0001437749-26-004019,RCG,"RENN Fund, Inc.",0000919567,AMEX,,,,STAHL MURRAY,0001207097,President/Co-Portfolio Manager,false,true,true,P,180.0,2.73,491.4,316880.0,I,20766726.827630997,2.366285279710868e-05
2026-02-12,2026-02-13 00:00:00,0001437749-26-004019,RCG,"RENN Fund, Inc.",0000919567,AMEX,,,,STAHL MURRAY,0001207097,President/Co-Portfolio Manager,false,true,true,P,82.0,2.73,223.85999999999999,65646.0,I,20766726.827630997,1.0779744052016176e-05
2026-02-12,2026-02-13 00:00:00,0001437749-26-004019,RCG,"RENN Fund, Inc.",0000919567,AMEX,,,,STAHL MURRAY,0001207097,President/Co-Portfolio Manager,false,true,true,P,18.0,2.73,49.14,11412.0,I,20766726.827630997,2.366285279710868e-06
2026-02-12,2026-02-13 00:00:00,0001437749-26-004019,RCG,"RENN Fund, Inc.",0000919567,AMEX,,,,STAHL MURRAY,0001207097,President/Co-Portfolio Manager,false,true,true,P,18.0,2.73,49.14,5336.0,I,20766726.827630997,2.366285279710868e-06
2026-02-11,2026-02-12 00:00:00,0001437749-26-003863,RCG,"RENN Fund, Inc.",0000919567,AMEX,,,,STAHL MURRAY,0001207097,President/Co-Portfolio Manager,false,true,true,P,360.0,2.65,954.0,147374.0,D,20766726.827630997,4.593887173065055e-05
2026-02-11,2026-02-12 00:00:00,0001437749-26-003863,RCG,"RENN Fund, Inc.",0000919567,AMEX,,,,STAHL MURRAY,0001207097,President/Co-Portfolio Manager,false,true,true,P,296.0,2.65,784.4,356906.0,I,20766726.827630997,3.777196120075712e-05
2026-02-11,2026-02-12 00:00:00,0001437749-26-003863,RCG,"RENN Fund, Inc.",0000919567,AMEX,,,,STAHL MURRAY,0001207097,President/Co-Portfolio Manager,false,true,true,P,180.0,2.65,477.0,131448.0,I,20766726.827630997,2.2969435865325274e-05
2026-02-11,2026-02-12 00:00:00,0001437749-26-003863,RCG,"RENN Fund, Inc.",0000919567,AMEX,,,,STAHL MURRAY,0001207097,President/Co-Portfolio Manager,false,true,true,P,180.0,2.65,477.0,316700.0,I,20766726.827630997,2.2969435865325274e-05
2026-02-11,2026-02-12 00:00:00,0001437749-26-003863,RCG,"RENN Fund, Inc.",0000919567,AMEX,,,,STAHL MURRAY,0001207097,President/Co-Portfolio Manager,false,true,true,P,82.0,2.65,217.29999999999998,65564.0,I,20766726.827630997,1.0463854116425958e-05
2026-02-11,2026-02-12 00:00:00,0001437749-26-003863,RCG,"RENN Fund, Inc.",0000919567,AMEX,,,,STAHL MURRAY,0001207097,President/Co-Portfolio Manager,false,true,true,P,18.0,2.65,47.699999999999996,11394.0,I,20766726.827630997,2.2969435865325274e-06
2026-02-11,2026-02-12 00:00:00,0001437749-26-003863,RCG,"RENN Fund, Inc.",0000919567,AMEX,,,,STAHL MURRAY,0001207097,President/Co-Portfolio Manager,false,true,true,P,18.0,2.65,47.699999999999996,5318.0,I,20766726.827630997,2.2969435865325274e-06
2026-02-10,2026-02-11 00:00:00,0001437749-26-003756,RCG,"RENN Fund, Inc.",0000919567,AMEX,,,,STAHL MURRAY,0001207097,President/Co-Portfolio Manager,false,true,true,P,360.0,2.71,975.6,147014.0,D,20766726.827630997,4.697899712832566e-05
2026-02-10,2026-02-11 00:00:00,0001437749-26-003756,RCG,"RENN Fund, Inc.",0000919567,AMEX,,,,STAHL MURRAY,0001207097,President/Co-Portfolio Manager,false,true,true,P,296.0,2.71,802.16,356610.0,I,20766726.827630997,3.862717541662332e-05
2026-02-10,2026-02-11 00:00:00,0001437749-26-003756,RCG,"RENN Fund, Inc.",0000919567,AMEX,,,,STAHL MURRAY,0001207097,President/Co-Portfolio Manager,false,true,true,P,180.0,2.71,487.8,316520.0,I,20766726.827630997,2.348949856416283e-05
2026-02-10,2026-02-11 00:00:00,0001437749-26-003756,RCG,"RENN Fund, Inc.",0000919567,AMEX,,,,STAHL MURRAY,0001207097,President/Co-Portfolio Manager,false,true,true,P,180.0,2.71,487.8,131268.0,I,20766726.827630997,2.348949856416283e-05
2026-02-10,2026-02-11 00:00:00,0001437749-26-003756,RCG,"RENN Fund, Inc.",0000919567,AMEX,,,,STAHL MURRAY,0001207097,President/Co-Portfolio Manager,false,true,true,P,82.0,2.71,222.22,65482.0,I,20766726.827630997,1.0700771568118621e-05
2026-02-10,2026-02-11 00:00:00,0001437749-26-003756,RCG,"RENN Fund, Inc.",0000919567,AMEX,,,,STAHL MURRAY,0001207097,President/Co-Portfolio Manager,false,true,true,P,18.0,2.71,48.78,11376.0,I,20766726.827630997,2.348949856416283e-06
2026-02-10,2026-02-11 00:00:00,0001437749-26-003756,RCG,"RENN Fund, Inc.",0000919567,AMEX,,,,STAHL MURRAY,0001207097,President/Co-Portfolio Manager,false,true,true,P,18.0,2.71,48.78,5300.0,I,20766726.827630997,2.348949856416283e-06
2026-02-09,2026-02-10 00:00:00,0001437749-26-003591,RCG,"RENN Fund, Inc.",0000919567,AMEX,,,,STAHL MURRAY,0001207097,President/Co-Portfolio Manager,false,true,true,P,360.0,2.68,964.8000000000001,146654.0,D,20766726.827630997,4.6458934429488106e-05
2026-02-09,2026-02-10 00:00:00,0001437749-26-003591,RCG,"RENN Fund, Inc.",0000919567,AMEX,,,,STAHL MURRAY,0001207097,President/Co-Portfolio Manager,false,true,true,P,296.0,2.68,793.2800000000001,356314.0,I,20766726.827630997,3.8199568308690226e-05
2026-02-09,2026-02-10 00:00:00,0001437749-26-003591,RCG,"RENN Fund, Inc.",0000919567,AMEX,,,,STAHL MURRAY,0001207097,President/Co-Portfolio Manager,false,true,true,P,180.0,2.68,482.40000000000003,131088.0,I,20766726.827630997,2.3229467214744053e-05
2026-02-09,2026-02-10 00:00:00,0001437749-26-003591,RCG,"RENN Fund, Inc.",0000919567,AMEX,,,,STAHL MURRAY,0001207097,President/Co-Portfolio Manager,false,true,true,P,180.0,2.68,482.40000000000003,316340.0,I,20766726.827630997,2.3229467214744053e-05
2026-02-09,2026-02-10 00:00:00,0001437749-26-003591,RCG,"RENN Fund, Inc.",0000919567,AMEX,,,,STAHL MURRAY,0001207097,President/Co-Portfolio Manager,false,true,true,P,82.0,2.68,219.76000000000002,65400.0,I,20766726.827630997,1.0582312842272292e-05
2026-02-09,2026-02-10 00:00:00,0001437749-26-003591,RCG,"RENN Fund, Inc.",0000919567,AMEX,,,,STAHL MURRAY,0001207097,President/Co-Portfolio Manager,false,true,true,P,18.0,2.68,48.24,5282.0,I,20766726.827630997,2.322946721474405e-06
2026-02-09,2026-02-10 00:00:00,0001437749-26-003591,RCG,"RENN Fund, Inc.",0000919567,AMEX,,,,STAHL MURRAY,0001207097,President/Co-Portfolio Manager,false,true,true,P,18.0,2.68,48.24,11358.0,I,20766726.827630997,2.322946721474405e-06
2026-02-06,2026-02-09 00:00:00,0001437749-26-003422,RCG,"RENN Fund, Inc.",0000919567,AMEX,,,,STAHL MURRAY,0001207097,President/Co-Portfolio Manager,false,true,true,P,360.0,2.7,972.0000000000001,146294.0,D,20766726.827630997,4.680564289537981e-05
2026-02-06,2026-02-09 00:00:00,0001437749-26-003422,RCG,"RENN Fund, Inc.",0000919567,AMEX,,,,STAHL MURRAY,0001207097,President/Co-Portfolio Manager,false,true,true,P,296.0,2.7,799.2,356018.0,I,20766726.827630997,3.848463971397895e-05
2026-02-06,2026-02-09 00:00:00,0001437749-26-003422,RCG,"RENN Fund, Inc.",0000919567,AMEX,,,,STAHL MURRAY,0001207097,President/Co-Portfolio Manager,false,true,true,P,180.0,2.7,486.00000000000006,130908.0,I,20766726.827630997,2.3402821447689906e-05
2026-02-06,2026-02-09 00:00:00,0001437749-26-003422,RCG,"RENN Fund, Inc.",0000919567,AMEX,,,,STAHL MURRAY,0001207097,President/Co-Portfolio Manager,false,true,true,P,180.0,2.7,486.00000000000006,316160.0,I,20766726.827630997,2.3402821447689906e-05
2026-02-06,2026-02-09 00:00:00,0001437749-26-003422,RCG,"RENN Fund, Inc.",0000919567,AMEX,,,,STAHL MURRAY,0001207097,President/Co-Portfolio Manager,false,true,true,P,82.0,2.7,221.4,65318.0,I,20766726.827630997,1.0661285326169845e-05
2026-02-06,2026-02-09 00:00:00,0001437749-26-003422,RCG,"RENN Fund, Inc.",0000919567,AMEX,,,,STAHL MURRAY,0001207097,President/Co-Portfolio Manager,false,true,true,P,18.0,2.7,48.6,5264.0,I,20766726.827630997,2.3402821447689906e-06
2026-02-06,2026-02-09 00:00:00,0001437749-26-003422,RCG,"RENN Fund, Inc.",0000919567,AMEX,,,,STAHL MURRAY,0001207097,President/Co-Portfolio Manager,false,true,true,P,18.0,2.7,48.6,11340.0,I,20766726.827630997,2.3402821447689906e-06
2026-02-05,2026-02-06 00:00:00,0001437749-26-003295,RCG,"RENN Fund, Inc.",0000919567,AMEX,,,,STAHL MURRAY,0001207097,President/Co-Portfolio Manager,false,true,true,P,360.0,2.64,950.4000000000001,145934.0,D,20766726.827630997,4.57655174977047e-05
2026-02-05,2026-02-06 00:00:00,0001437749-26-003295,RCG,"RENN Fund, Inc.",0000919567,AMEX,,,,STAHL MURRAY,0001207097,President/Co-Portfolio Manager,false,true,true,P,296.0,2.64,781.44,355722.0,I,20766726.827630997,3.762942549811276e-05
2026-02-05,2026-02-06 00:00:00,0001437749-26-003295,RCG,"RENN Fund, Inc.",0000919567,AMEX,,,,STAHL MURRAY,0001207097,President/Co-Portfolio Manager,false,true,true,P,180.0,2.64,475.20000000000005,315980.0,I,20766726.827630997,2.288275874885235e-05
2026-02-05,2026-02-06 00:00:00,0001437749-26-003295,RCG,"RENN Fund, Inc.",0000919567,AMEX,,,,STAHL MURRAY,0001207097,President/Co-Portfolio Manager,false,true,true,P,180.0,2.64,475.20000000000005,130728.0,I,20766726.827630997,2.288275874885235e-05
2026-02-05,2026-02-06 00:00:00,0001437749-26-003295,RCG,"RENN Fund, Inc.",0000919567,AMEX,,,,STAHL MURRAY,0001207097,President/Co-Portfolio Manager,false,true,true,P,82.0,2.64,216.48000000000002,65236.0,I,20766726.827630997,1.0424367874477182e-05
2026-02-05,2026-02-06 00:00:00,0001437749-26-003295,RCG,"RENN Fund, Inc.",0000919567,AMEX,,,,STAHL MURRAY,0001207097,President/Co-Portfolio Manager,false,true,true,P,18.0,2.64,47.52,11322.0,I,20766726.827630997,2.288275874885235e-06
2026-02-05,2026-02-06 00:00:00,0001437749-26-003295,RCG,"RENN Fund, Inc.",0000919567,AMEX,,,,STAHL MURRAY,0001207097,President/Co-Portfolio Manager,false,true,true,P,18.0,2.64,47.52,5246.0,I,20766726.827630997,2.288275874885235e-06
2026-02-04,2026-02-05 00:00:00,0001437749-26-003137,RCG,"RENN Fund, Inc.",0000919567,AMEX,,,,STAHL MURRAY,0001207097,President/Co-Portfolio Manager,false,true,true,P,360.0,2.73,982.8,145574.0,D,20766726.827630997,4.732570559421736e-05
2026-02-04,2026-02-05 00:00:00,0001437749-26-003137,RCG,"RENN Fund, Inc.",0000919567,AMEX,,,,STAHL MURRAY,0001207097,President/Co-Portfolio Manager,false,true,true,P,296.0,2.73,808.08,355426.0,I,20766726.827630997,3.891224682191205e-05
2026-02-04,2026-02-05 00:00:00,0001437749-26-003137,RCG,"RENN Fund, Inc.",0000919567,AMEX,,,,STAHL MURRAY,0001207097,President/Co-Portfolio Manager,false,true,true,P,180.0,2.73,491.4,130548.0,I,20766726.827630997,2.366285279710868e-05
2026-02-04,2026-02-05 00:00:00,0001437749-26-003137,RCG,"RENN Fund, Inc.",0000919567,AMEX,,,,STAHL MURRAY,0001207097,President/Co-Portfolio Manager,false,true,true,P,180.0,2.73,491.4,315800.0,I,20766726.827630997,2.366285279710868e-05
2026-02-04,2026-02-05 00:00:00,0001437749-26-003137,RCG,"RENN Fund, Inc.",0000919567,AMEX,,,,STAHL MURRAY,0001207097,President/Co-Portfolio Manager,false,true,true,P,82.0,2.73,223.85999999999999,65154.0,I,20766726.827630997,1.0779744052016176e-05
2026-02-04,2026-02-05 00:00:00,0001437749-26-003137,RCG,"RENN Fund, Inc.",0000919567,AMEX,,,,STAHL MURRAY,0001207097,President/Co-Portfolio Manager,false,true,true,P,18.0,2.73,49.14,11304.0,I,20766726.827630997,2.366285279710868e-06
2026-02-04,2026-02-05 00:00:00,0001437749-26-003137,RCG,"RENN Fund, Inc.",0000919567,AMEX,,,,STAHL MURRAY,0001207097,President/Co-Portfolio Manager,false,true,true,P,18.0,2.73,49.14,5228.0,I,20766726.827630997,2.366285279710868e-06
2026-02-03,2026-02-04 00:00:00,0001437749-26-002929,RCG,"RENN Fund, Inc.",0000919567,AMEX,,,,STAHL MURRAY,0001207097,President/Co-Portfolio Manager,false,true,true,P,360.0,2.74,986.4000000000001,145214.0,D,20766726.827630997,4.7499059827163216e-05
2026-02-03,2026-02-04 00:00:00,0001437749-26-002929,RCG,"RENN Fund, Inc.",0000919567,AMEX,,,,STAHL MURRAY,0001207097,President/Co-Portfolio Manager,false,true,true,P,296.0,2.74,811.0400000000001,355130.0,I,20766726.827630997,3.905478252455642e-05
2026-02-03,2026-02-04 00:00:00,0001437749-26-002929,RCG,"RENN Fund, Inc.",0000919567,AMEX,,,,STAHL MURRAY,0001207097,President/Co-Portfolio Manager,false,true,true,P,180.0,2.74,493.20000000000005,130368.0,I,20766726.827630997,2.3749529913581608e-05
2026-02-03,2026-02-04 00:00:00,0001437749-26-002929,RCG,"RENN Fund, Inc.",0000919567,AMEX,,,,STAHL MURRAY,0001207097,President/Co-Portfolio Manager,false,true,true,P,180.0,2.74,493.20000000000005,315620.0,I,20766726.827630997,2.3749529913581608e-05
2026-02-03,2026-02-04 00:00:00,0001437749-26-002929,RCG,"RENN Fund, Inc.",0000919567,AMEX,,,,STAHL MURRAY,0001207097,President/Co-Portfolio Manager,false,true,true,P,82.0,2.74,224.68,65072.0,I,20766726.827630997,1.0819230293964955e-05
2026-02-03,2026-02-04 00:00:00,0001437749-26-002929,RCG,"RENN Fund, Inc.",0000919567,AMEX,,,,STAHL MURRAY,0001207097,President/Co-Portfolio Manager,false,true,true,P,18.0,2.74,49.32000000000001,11286.0,I,20766726.827630997,2.374952991358161e-06
2026-02-03,2026-02-04 00:00:00,0001437749-26-002929,RCG,"RENN Fund, Inc.",0000919567,AMEX,,,,STAHL MURRAY,0001207097,President/Co-Portfolio Manager,false,true,true,P,18.0,2.74,49.32000000000001,5210.0,I,20766726.827630997,2.374952991358161e-06
2026-02-02,2026-02-03 00:00:00,0001437749-26-002787,RCG,"RENN Fund, Inc.",0000919567,AMEX,,,,STAHL MURRAY,0001207097,President/Co-Portfolio Manager,false,true,true,P,360.0,2.75,990.0,144854.0,D,20766726.827630997,4.767241406010906e-05
2026-02-02,2026-02-03 00:00:00,0001437749-26-002787,RCG,"RENN Fund, Inc.",0000919567,AMEX,,,,STAHL MURRAY,0001207097,President/Co-Portfolio Manager,false,true,true,P,296.0,2.75,814.0,354834.0,I,20766726.827630997,3.919731822720079e-05
2026-02-02,2026-02-03 00:00:00,0001437749-26-002787,RCG,"RENN Fund, Inc.",0000919567,AMEX,,,,STAHL MURRAY,0001207097,President/Co-Portfolio Manager,false,true,true,P,180.0,2.75,495.0,130188.0,I,20766726.827630997,2.383620703005453e-05
2026-02-02,2026-02-03 00:00:00,0001437749-26-002787,RCG,"RENN Fund, Inc.",0000919567,AMEX,,,,STAHL MURRAY,0001207097,President/Co-Portfolio Manager,false,true,true,P,180.0,2.75,495.0,315440.0,I,20766726.827630997,2.383620703005453e-05
2026-02-02,2026-02-03 00:00:00,0001437749-26-002787,RCG,"RENN Fund, Inc.",0000919567,AMEX,,,,STAHL MURRAY,0001207097,President/Co-Portfolio Manager,false,true,true,P,82.0,2.75,225.5,64990.0,I,20766726.827630997,1.0858716535913731e-05
2026-02-02,2026-02-03 00:00:00,0001437749-26-002787,RCG,"RENN Fund, Inc.",0000919567,AMEX,,,,STAHL MURRAY,0001207097,President/Co-Portfolio Manager,false,true,true,P,18.0,2.75,49.5,11268.0,I,20766726.827630997,2.383620703005453e-06
2026-02-02,2026-02-03 00:00:00,0001437749-26-002787,RCG,"RENN Fund, Inc.",0000919567,AMEX,,,,STAHL MURRAY,0001207097,President/Co-Portfolio Manager,false,true,true,P,18.0,2.75,49.5,5192.0,I,20766726.827630997,2.383620703005453e-06
2026-01-30,2026-02-02 00:00:00,0001437749-26-002658,RCG,"RENN Fund, Inc.",0000919567,AMEX,,,,STAHL MURRAY,0001207097,President/Co-Portfolio Manager,false,true,true,P,360.0,2.62,943.2,144494.0,D,20766726.827630997,4.5418809031813e-05
2026-01-30,2026-02-02 00:00:00,0001437749-26-002658,RCG,"RENN Fund, Inc.",0000919567,AMEX,,,,STAHL MURRAY,0001207097,President/Co-Portfolio Manager,false,true,true,P,296.0,2.62,775.52,354538.0,I,20766726.827630997,3.734435409282402e-05
2026-01-30,2026-02-02 00:00:00,0001437749-26-002658,RCG,"RENN Fund, Inc.",0000919567,AMEX,,,,STAHL MURRAY,0001207097,President/Co-Portfolio Manager,false,true,true,P,180.0,2.62,471.6,315260.0,I,20766726.827630997,2.27094045159065e-05
2026-01-30,2026-02-02 00:00:00,0001437749-26-002658,RCG,"RENN Fund, Inc.",0000919567,AMEX,,,,STAHL MURRAY,0001207097,President/Co-Portfolio Manager,false,true,true,P,180.0,2.62,471.6,130008.0,I,20766726.827630997,2.27094045159065e-05
2026-01-30,2026-02-02 00:00:00,0001437749-26-002658,RCG,"RENN Fund, Inc.",0000919567,AMEX,,,,STAHL MURRAY,0001207097,President/Co-Portfolio Manager,false,true,true,P,82.0,2.62,214.84,64908.0,I,20766726.827630997,1.0345395390579627e-05
2026-01-30,2026-02-02 00:00:00,0001437749-26-002658,RCG,"RENN Fund, Inc.",0000919567,AMEX,,,,STAHL MURRAY,0001207097,President/Co-Portfolio Manager,false,true,true,P,18.0,2.62,47.160000000000004,5174.0,I,20766726.827630997,2.27094045159065e-06
2026-01-30,2026-02-02 00:00:00,0001437749-26-002658,RCG,"RENN Fund, Inc.",0000919567,AMEX,,,,STAHL MURRAY,0001207097,President/Co-Portfolio Manager,false,true,true,P,18.0,2.62,47.160000000000004,11250.0,I,20766726.827630997,2.27094045159065e-06
2026-01-29,2026-01-30 00:00:00,0001437749-26-002498,RCG,"RENN Fund, Inc.",0000919567,AMEX,,,,STAHL MURRAY,0001207097,President/Co-Portfolio Manager,false,true,true,P,360.0,2.72,979.2,144134.0,D,20766726.827630997,4.715235136127151e-05
2026-01-29,2026-01-30 00:00:00,0001437749-26-002498,RCG,"RENN Fund, Inc.",0000919567,AMEX,,,,STAHL MURRAY,0001207097,President/Co-Portfolio Manager,false,true,true,P,296.0,2.72,805.12,354242.0,I,20766726.827630997,3.8769711119267686e-05
2026-01-29,2026-01-30 00:00:00,0001437749-26-002498,RCG,"RENN Fund, Inc.",0000919567,AMEX,,,,STAHL MURRAY,0001207097,President/Co-Portfolio Manager,false,true,true,P,180.0,2.72,489.6,315080.0,I,20766726.827630997,2.3576175680635755e-05
2026-01-29,2026-01-30 00:00:00,0001437749-26-002498,RCG,"RENN Fund, Inc.",0000919567,AMEX,,,,STAHL MURRAY,0001207097,President/Co-Portfolio Manager,false,true,true,P,180.0,2.72,489.6,129828.0,I,20766726.827630997,2.3576175680635755e-05
2026-01-29,2026-01-30 00:00:00,0001437749-26-002498,RCG,"RENN Fund, Inc.",0000919567,AMEX,,,,STAHL MURRAY,0001207097,President/Co-Portfolio Manager,false,true,true,P,82.0,2.72,223.04000000000002,64826.0,I,20766726.827630997,1.07402578100674e-05
2026-01-29,2026-01-30 00:00:00,0001437749-26-002498,RCG,"RENN Fund, Inc.",0000919567,AMEX,,,,STAHL MURRAY,0001207097,President/Co-Portfolio Manager,false,true,true,P,18.0,2.72,48.96,5156.0,I,20766726.827630997,2.3576175680635756e-06
2026-01-29,2026-01-30 00:00:00,0001437749-26-002498,RCG,"RENN Fund, Inc.",0000919567,AMEX,,,,STAHL MURRAY,0001207097,President/Co-Portfolio Manager,false,true,true,P,18.0,2.72,48.96,11232.0,I,20766726.827630997,2.3576175680635756e-06
2026-01-28,2026-01-29 00:00:00,0001437749-26-002382,RCG,"RENN Fund, Inc.",0000919567,AMEX,,,,STAHL MURRAY,0001207097,President/Co-Portfolio Manager,false,true,true,P,360.0,2.66,957.6,143774.0,D,20766726.827630997,4.61122259635964e-05
2026-01-28,2026-01-29 00:00:00,0001437749-26-002382,RCG,"RENN Fund, Inc.",0000919567,AMEX,,,,STAHL MURRAY,0001207097,President/Co-Portfolio Manager,false,true,true,P,296.0,2.66,787.36,353946.0,I,20766726.827630997,3.7914496903401486e-05
2026-01-28,2026-01-29 00:00:00,0001437749-26-002382,RCG,"RENN Fund, Inc.",0000919567,AMEX,,,,STAHL MURRAY,0001207097,President/Co-Portfolio Manager,false,true,true,P,180.0,2.66,478.8,314900.0,I,20766726.827630997,2.30561129817982e-05
2026-01-28,2026-01-29 00:00:00,0001437749-26-002382,RCG,"RENN Fund, Inc.",0000919567,AMEX,,,,STAHL MURRAY,0001207097,President/Co-Portfolio Manager,false,true,true,P,180.0,2.66,478.8,129648.0,I,20766726.827630997,2.30561129817982e-05
2026-01-28,2026-01-29 00:00:00,0001437749-26-002382,RCG,"RENN Fund, Inc.",0000919567,AMEX,,,,STAHL MURRAY,0001207097,President/Co-Portfolio Manager,false,true,true,P,82.0,2.66,218.12,64744.0,I,20766726.827630997,1.0503340358374737e-05
2026-01-28,2026-01-29 00:00:00,0001437749-26-002382,RCG,"RENN Fund, Inc.",0000919567,AMEX,,,,STAHL MURRAY,0001207097,President/Co-Portfolio Manager,false,true,true,P,18.0,2.66,47.88,5138.0,I,20766726.827630997,2.30561129817982e-06
2026-01-28,2026-01-29 00:00:00,0001437749-26-002382,RCG,"RENN Fund, Inc.",0000919567,AMEX,,,,STAHL MURRAY,0001207097,President/Co-Portfolio Manager,false,true,true,P,18.0,2.66,47.88,11214.0,I,20766726.827630997,2.30561129817982e-06
2026-01-27,2026-01-28 00:00:00,0001437749-26-002258,RCG,"RENN Fund, Inc.",0000919567,AMEX,,,,STAHL MURRAY,0001207097,President/Co-Portfolio Manager,false,true,true,P,360.0,2.7,972.0000000000001,143414.0,D,20766726.827630997,4.680564289537981e-05
2026-01-27,2026-01-28 00:00:00,0001437749-26-002258,RCG,"RENN Fund, Inc.",0000919567,AMEX,,,,STAHL MURRAY,0001207097,President/Co-Portfolio Manager,false,true,true,P,296.0,2.7,799.2,353650.0,I,20766726.827630997,3.848463971397895e-05
2026-01-27,2026-01-28 00:00:00,0001437749-26-002258,RCG,"RENN Fund, Inc.",0000919567,AMEX,,,,STAHL MURRAY,0001207097,President/Co-Portfolio Manager,false,true,true,P,180.0,2.7,486.00000000000006,129468.0,I,20766726.827630997,2.3402821447689906e-05
2026-01-27,2026-01-28 00:00:00,0001437749-26-002258,RCG,"RENN Fund, Inc.",0000919567,AMEX,,,,STAHL MURRAY,0001207097,President/Co-Portfolio Manager,false,true,true,P,180.0,2.7,486.00000000000006,314720.0,I,20766726.827630997,2.3402821447689906e-05
2026-01-27,2026-01-28 00:00:00,0001437749-26-002258,RCG,"RENN Fund, Inc.",0000919567,AMEX,,,,STAHL MURRAY,0001207097,President/Co-Portfolio Manager,false,true,true,P,82.0,2.7,221.4,64662.0,I,20766726.827630997,1.0661285326169845e-05
2026-01-27,2026-01-28 00:00:00,0001437749-26-002258,RCG,"RENN Fund, Inc.",0000919567,AMEX,,,,STAHL MURRAY,0001207097,President/Co-Portfolio Manager,false,true,true,P,18.0,2.7,48.6,11196.0,I,20766726.827630997,2.3402821447689906e-06
2026-01-27,2026-01-28 00:00:00,0001437749-26-002258,RCG,"RENN Fund, Inc.",0000919567,AMEX,,,,STAHL MURRAY,0001207097,President/Co-Portfolio Manager,false,true,true,P,18.0,2.7,48.6,5120.0,I,20766726.827630997,2.3402821447689906e-06
2026-01-26,2026-01-27 00:00:00,0001437749-26-002152,RCG,"RENN Fund, Inc.",0000919567,AMEX,,,,STAHL MURRAY,0001207097,President/Co-Portfolio Manager,false,true,true,P,360.0,2.7,972.0000000000001,143054.0,D,20766726.827630997,4.680564289537981e-05
2026-01-26,2026-01-27 00:00:00,0001437749-26-002152,RCG,"RENN Fund, Inc.",0000919567,AMEX,,,,STAHL MURRAY,0001207097,President/Co-Portfolio Manager,false,true,true,P,296.0,2.7,799.2,353354.0,I,20766726.827630997,3.848463971397895e-05
2026-01-26,2026-01-27 00:00:00,0001437749-26-002152,RCG,"RENN Fund, Inc.",0000919567,AMEX,,,,STAHL MURRAY,0001207097,President/Co-Portfolio Manager,false,true,true,P,180.0,2.7,486.00000000000006,129288.0,I,20766726.827630997,2.3402821447689906e-05
2026-01-26,2026-01-27 00:00:00,0001437749-26-002152,RCG,"RENN Fund, Inc.",0000919567,AMEX,,,,STAHL MURRAY,0001207097,President/Co-Portfolio Manager,false,true,true,P,180.0,2.7,486.00000000000006,314540.0,I,20766726.827630997,2.3402821447689906e-05
2026-01-26,2026-01-27 00:00:00,0001437749-26-002152,RCG,"RENN Fund, Inc.",0000919567,AMEX,,,,STAHL MURRAY,0001207097,President/Co-Portfolio Manager,false,true,true,P,82.0,2.7,221.4,64580.0,I,20766726.827630997,1.0661285326169845e-05
2026-01-26,2026-01-27 00:00:00,0001437749-26-002152,RCG,"RENN Fund, Inc.",0000919567,AMEX,,,,STAHL MURRAY,0001207097,President/Co-Portfolio Manager,false,true,true,P,18.0,2.7,48.6,5102.0,I,20766726.827630997,2.3402821447689906e-06
2026-01-26,2026-01-27 00:00:00,0001437749-26-002152,RCG,"RENN Fund, Inc.",0000919567,AMEX,,,,STAHL MURRAY,0001207097,President/Co-Portfolio Manager,false,true,true,P,18.0,2.7,48.6,11178.0,I,20766726.827630997,2.3402821447689906e-06
2026-01-23,2026-01-26 00:00:00,0001437749-26-002028,RCG,"RENN Fund, Inc.",0000919567,AMEX,,,,STAHL MURRAY,0001207097,President/Co-Portfolio Manager,false,true,true,P,360.0,2.7,972.0000000000001,142694.0,D,20766726.827630997,4.680564289537981e-05
2026-01-23,2026-01-26 00:00:00,0001437749-26-002028,RCG,"RENN Fund, Inc.",0000919567,AMEX,,,,STAHL MURRAY,0001207097,President/Co-Portfolio Manager,false,true,true,P,296.0,2.7,799.2,353058.0,I,20766726.827630997,3.848463971397895e-05
2026-01-23,2026-01-26 00:00:00,0001437749-26-002028,RCG,"RENN Fund, Inc.",0000919567,AMEX,,,,STAHL MURRAY,0001207097,President/Co-Portfolio Manager,false,true,true,P,180.0,2.7,486.00000000000006,314360.0,I,20766726.827630997,2.3402821447689906e-05
2026-01-23,2026-01-26 00:00:00,0001437749-26-002028,RCG,"RENN Fund, Inc.",0000919567,AMEX,,,,STAHL MURRAY,0001207097,President/Co-Portfolio Manager,false,true,true,P,180.0,2.7,486.00000000000006,129108.0,I,20766726.827630997,2.3402821447689906e-05
2026-01-23,2026-01-26 00:00:00,0001437749-26-002028,RCG,"RENN Fund, Inc.",0000919567,AMEX,,,,STAHL MURRAY,0001207097,President/Co-Portfolio Manager,false,true,true,P,82.0,2.7,221.4,64498.0,I,20766726.827630997,1.0661285326169845e-05
2026-01-23,2026-01-26 00:00:00,0001437749-26-002028,RCG,"RENN Fund, Inc.",0000919567,AMEX,,,,STAHL MURRAY,0001207097,President/Co-Portfolio Manager,false,true,true,P,18.0,2.7,48.6,11160.0,I,20766726.827630997,2.3402821447689906e-06
2026-01-23,2026-01-26 00:00:00,0001437749-26-002028,RCG,"RENN Fund, Inc.",0000919567,AMEX,,,,STAHL MURRAY,0001207097,President/Co-Portfolio Manager,false,true,true,P,18.0,2.7,48.6,5084.0,I,20766726.827630997,2.3402821447689906e-06
2026-01-22,2026-01-23 00:00:00,0001437749-26-001832,RCG,"RENN Fund, Inc.",0000919567,AMEX,,,,STAHL MURRAY,0001207097,President/Co-Portfolio Manager,false,true,true,P,360.0,2.7,972.0000000000001,142334.0,D,20766726.827630997,4.680564289537981e-05
2026-01-22,2026-01-23 00:00:00,0001437749-26-001832,RCG,"RENN Fund, Inc.",0000919567,AMEX,,,,STAHL MURRAY,0001207097,President/Co-Portfolio Manager,false,true,true,P,296.0,2.7,799.2,352762.0,I,20766726.827630997,3.848463971397895e-05
2026-01-22,2026-01-23 00:00:00,0001437749-26-001832,RCG,"RENN Fund, Inc.",0000919567,AMEX,,,,STAHL MURRAY,0001207097,President/Co-Portfolio Manager,false,true,true,P,180.0,2.7,486.00000000000006,128928.0,I,20766726.827630997,2.3402821447689906e-05
2026-01-22,2026-01-23 00:00:00,0001437749-26-001832,RCG,"RENN Fund, Inc.",0000919567,AMEX,,,,STAHL MURRAY,0001207097,President/Co-Portfolio Manager,false,true,true,P,180.0,2.7,486.00000000000006,314180.0,I,20766726.827630997,2.3402821447689906e-05
2026-01-22,2026-01-23 00:00:00,0001437749-26-001832,RCG,"RENN Fund, Inc.",0000919567,AMEX,,,,STAHL MURRAY,0001207097,President/Co-Portfolio Manager,false,true,true,P,82.0,2.7,221.4,64416.0,I,20766726.827630997,1.0661285326169845e-05
2026-01-22,2026-01-23 00:00:00,0001437749-26-001832,RCG,"RENN Fund, Inc.",0000919567,AMEX,,,,STAHL MURRAY,0001207097,President/Co-Portfolio Manager,false,true,true,P,18.0,2.7,48.6,11142.0,I,20766726.827630997,2.3402821447689906e-06
2026-01-22,2026-01-23 00:00:00,0001437749-26-001832,RCG,"RENN Fund, Inc.",0000919567,AMEX,,,,STAHL MURRAY,0001207097,President/Co-Portfolio Manager,false,true,true,P,18.0,2.7,48.6,5066.0,I,20766726.827630997,2.3402821447689906e-06
2026-01-21,2026-01-22 00:00:00,0001437749-26-001735,RCG,"RENN Fund, Inc.",0000919567,AMEX,,,,STAHL MURRAY,0001207097,President/Co-Portfolio Manager,false,true,true,P,360.0,2.7,972.0000000000001,141974.0,D,20766726.827630997,4.680564289537981e-05
2026-01-21,2026-01-22 00:00:00,0001437749-26-001735,RCG,"RENN Fund, Inc.",0000919567,AMEX,,,,STAHL MURRAY,0001207097,President/Co-Portfolio Manager,false,true,true,P,296.0,2.7,799.2,352466.0,I,20766726.827630997,3.848463971397895e-05
2026-01-21,2026-01-22 00:00:00,0001437749-26-001735,RCG,"RENN Fund, Inc.",0000919567,AMEX,,,,STAHL MURRAY,0001207097,President/Co-Portfolio Manager,false,true,true,P,180.0,2.7,486.00000000000006,128748.0,I,20766726.827630997,2.3402821447689906e-05
2026-01-21,2026-01-22 00:00:00,0001437749-26-001735,RCG,"RENN Fund, Inc.",0000919567,AMEX,,,,STAHL MURRAY,0001207097,President/Co-Portfolio Manager,false,true,true,P,180.0,2.7,486.00000000000006,314000.0,I,20766726.827630997,2.3402821447689906e-05
2026-01-21,2026-01-22 00:00:00,0001437749-26-001735,RCG,"RENN Fund, Inc.",0000919567,AMEX,,,,STAHL MURRAY,0001207097,President/Co-Portfolio Manager,false,true,true,P,82.0,2.7,221.4,64334.0,I,20766726.827630997,1.0661285326169845e-05
2026-01-21,2026-01-22 00:00:00,0001437749-26-001735,RCG,"RENN Fund, Inc.",0000919567,AMEX,,,,STAHL MURRAY,0001207097,President/Co-Portfolio Manager,false,true,true,P,18.0,2.7,48.6,11124.0,I,20766726.827630997,2.3402821447689906e-06
2026-01-21,2026-01-22 00:00:00,0001437749-26-001735,RCG,"RENN Fund, Inc.",0000919567,AMEX,,,,STAHL MURRAY,0001207097,President/Co-Portfolio Manager,false,true,true,P,18.0,2.7,48.6,5048.0,I,20766726.827630997,2.3402821447689906e-06
2026-01-20,2026-01-21 00:00:00,0001437749-26-001604,RCG,"RENN Fund, Inc.",0000919567,AMEX,,,,STAHL MURRAY,0001207097,President/Co-Portfolio Manager,false,true,true,P,360.0,2.69,968.4,141614.0,D,20766726.827630997,4.663228866243395e-05
2026-01-20,2026-01-21 00:00:00,0001437749-26-001604,RCG,"RENN Fund, Inc.",0000919567,AMEX,,,,STAHL MURRAY,0001207097,President/Co-Portfolio Manager,false,true,true,P,296.0,2.69,796.24,352170.0,I,20766726.827630997,3.8342104011334586e-05
2026-01-20,2026-01-21 00:00:00,0001437749-26-001604,RCG,"RENN Fund, Inc.",0000919567,AMEX,,,,STAHL MURRAY,0001207097,President/Co-Portfolio Manager,false,true,true,P,180.0,2.69,484.2,313820.0,I,20766726.827630997,2.3316144331216976e-05
2026-01-20,2026-01-21 00:00:00,0001437749-26-001604,RCG,"RENN Fund, Inc.",0000919567,AMEX,,,,STAHL MURRAY,0001207097,President/Co-Portfolio Manager,false,true,true,P,180.0,2.69,484.2,128568.0,I,20766726.827630997,2.3316144331216976e-05
2026-01-20,2026-01-21 00:00:00,0001437749-26-001604,RCG,"RENN Fund, Inc.",0000919567,AMEX,,,,STAHL MURRAY,0001207097,President/Co-Portfolio Manager,false,true,true,P,82.0,2.69,220.57999999999998,64252.0,I,20766726.827630997,1.0621799084221066e-05
2026-01-20,2026-01-21 00:00:00,0001437749-26-001604,RCG,"RENN Fund, Inc.",0000919567,AMEX,,,,STAHL MURRAY,0001207097,President/Co-Portfolio Manager,false,true,true,P,18.0,2.69,48.42,11106.0,I,20766726.827630997,2.331614433121698e-06
2026-01-20,2026-01-21 00:00:00,0001437749-26-001604,RCG,"RENN Fund, Inc.",0000919567,AMEX,,,,STAHL MURRAY,0001207097,President/Co-Portfolio Manager,false,true,true,P,18.0,2.69,48.42,5030.0,I,20766726.827630997,2.331614433121698e-06
2026-01-16,2026-01-20 00:00:00,0001437749-26-001524,RCG,"RENN Fund, Inc.",0000919567,AMEX,,,,STAHL MURRAY,0001207097,President/Co-Portfolio Manager,false,true,true,P,360.0,2.72,979.2,141254.0,D,20766726.827630997,4.715235136127151e-05
2026-01-16,2026-01-20 00:00:00,0001437749-26-001524,RCG,"RENN Fund, Inc.",0000919567,AMEX,,,,STAHL MURRAY,0001207097,President/Co-Portfolio Manager,false,true,true,P,296.0,2.72,805.12,351874.0,I,20766726.827630997,3.8769711119267686e-05
2026-01-16,2026-01-20 00:00:00,0001437749-26-001524,RCG,"RENN Fund, Inc.",0000919567,AMEX,,,,STAHL MURRAY,0001207097,President/Co-Portfolio Manager,false,true,true,P,180.0,2.72,489.6,128388.0,I,20766726.827630997,2.3576175680635755e-05
2026-01-16,2026-01-20 00:00:00,0001437749-26-001524,RCG,"RENN Fund, Inc.",0000919567,AMEX,,,,STAHL MURRAY,0001207097,President/Co-Portfolio Manager,false,true,true,P,180.0,2.72,489.6,313640.0,I,20766726.827630997,2.3576175680635755e-05
2026-01-16,2026-01-20 00:00:00,0001437749-26-001524,RCG,"RENN Fund, Inc.",0000919567,AMEX,,,,STAHL MURRAY,0001207097,President/Co-Portfolio Manager,false,true,true,P,82.0,2.72,223.04000000000002,64170.0,I,20766726.827630997,1.07402578100674e-05
2026-01-16,2026-01-20 00:00:00,0001437749-26-001524,RCG,"RENN Fund, Inc.",0000919567,AMEX,,,,STAHL MURRAY,0001207097,President/Co-Portfolio Manager,false,true,true,P,18.0,2.72,48.96,11088.0,I,20766726.827630997,2.3576175680635756e-06
2026-01-16,2026-01-20 00:00:00,0001437749-26-001524,RCG,"RENN Fund, Inc.",0000919567,AMEX,,,,STAHL MURRAY,0001207097,President/Co-Portfolio Manager,false,true,true,P,18.0,2.72,48.96,5012.0,I,20766726.827630997,2.3576175680635756e-06
2026-01-15,2026-01-16 00:00:00,0001437749-26-001418,RCG,"RENN Fund, Inc.",0000919567,AMEX,,,,STAHL MURRAY,0001207097,President/Co-Portfolio Manager,false,true,true,P,360.0,2.64,950.4000000000001,140894.0,D,20766726.827630997,4.57655174977047e-05
2026-01-15,2026-01-16 00:00:00,0001437749-26-001418,RCG,"RENN Fund, Inc.",0000919567,AMEX,,,,STAHL MURRAY,0001207097,President/Co-Portfolio Manager,false,true,true,P,296.0,2.64,781.44,351578.0,I,20766726.827630997,3.762942549811276e-05
2026-01-15,2026-01-16 00:00:00,0001437749-26-001418,RCG,"RENN Fund, Inc.",0000919567,AMEX,,,,STAHL MURRAY,0001207097,President/Co-Portfolio Manager,false,true,true,P,180.0,2.64,475.20000000000005,313460.0,I,20766726.827630997,2.288275874885235e-05
2026-01-15,2026-01-16 00:00:00,0001437749-26-001418,RCG,"RENN Fund, Inc.",0000919567,AMEX,,,,STAHL MURRAY,0001207097,President/Co-Portfolio Manager,false,true,true,P,180.0,2.64,475.20000000000005,128208.0,I,20766726.827630997,2.288275874885235e-05
2026-01-15,2026-01-16 00:00:00,0001437749-26-001418,RCG,"RENN Fund, Inc.",0000919567,AMEX,,,,STAHL MURRAY,0001207097,President/Co-Portfolio Manager,false,true,true,P,82.0,2.64,216.48000000000002,64088.0,I,20766726.827630997,1.0424367874477182e-05
2026-01-15,2026-01-16 00:00:00,0001437749-26-001418,RCG,"RENN Fund, Inc.",0000919567,AMEX,,,,STAHL MURRAY,0001207097,President/Co-Portfolio Manager,false,true,true,P,18.0,2.64,47.52,11070.0,I,20766726.827630997,2.288275874885235e-06
2026-01-15,2026-01-16 00:00:00,0001437749-26-001418,RCG,"RENN Fund, Inc.",0000919567,AMEX,,,,STAHL MURRAY,0001207097,President/Co-Portfolio Manager,false,true,true,P,18.0,2.64,47.52,4994.0,I,20766726.827630997,2.288275874885235e-06
2026-01-14,2026-01-15 00:00:00,0001437749-26-001318,RCG,"RENN Fund, Inc.",0000919567,AMEX,,,,STAHL MURRAY,0001207097,President/Co-Portfolio Manager,false,true,true,P,360.0,2.68,964.8000000000001,140534.0,D,20766726.827630997,4.6458934429488106e-05
2026-01-14,2026-01-15 00:00:00,0001437749-26-001318,RCG,"RENN Fund, Inc.",0000919567,AMEX,,,,STAHL MURRAY,0001207097,President/Co-Portfolio Manager,false,true,true,P,296.0,2.68,793.2800000000001,351282.0,I,20766726.827630997,3.8199568308690226e-05
2026-01-14,2026-01-15 00:00:00,0001437749-26-001318,RCG,"RENN Fund, Inc.",0000919567,AMEX,,,,STAHL MURRAY,0001207097,President/Co-Portfolio Manager,false,true,true,P,180.0,2.68,482.40000000000003,313280.0,I,20766726.827630997,2.3229467214744053e-05
2026-01-14,2026-01-15 00:00:00,0001437749-26-001318,RCG,"RENN Fund, Inc.",0000919567,AMEX,,,,STAHL MURRAY,0001207097,President/Co-Portfolio Manager,false,true,true,P,180.0,2.68,482.40000000000003,128028.0,I,20766726.827630997,2.3229467214744053e-05
2026-01-14,2026-01-15 00:00:00,0001437749-26-001318,RCG,"RENN Fund, Inc.",0000919567,AMEX,,,,STAHL MURRAY,0001207097,President/Co-Portfolio Manager,false,true,true,P,82.0,2.68,219.76000000000002,64006.0,I,20766726.827630997,1.0582312842272292e-05
2026-01-14,2026-01-15 00:00:00,0001437749-26-001318,RCG,"RENN Fund, Inc.",0000919567,AMEX,,,,STAHL MURRAY,0001207097,President/Co-Portfolio Manager,false,true,true,P,18.0,2.68,48.24,11052.0,I,20766726.827630997,2.322946721474405e-06
2026-01-14,2026-01-15 00:00:00,0001437749-26-001318,RCG,"RENN Fund, Inc.",0000919567,AMEX,,,,STAHL MURRAY,0001207097,President/Co-Portfolio Manager,false,true,true,P,18.0,2.68,48.24,4976.0,I,20766726.827630997,2.322946721474405e-06
2026-01-13,2026-01-14 00:00:00,0001437749-26-001236,RCG,"RENN Fund, Inc.",0000919567,AMEX,,,,STAHL MURRAY,0001207097,President/Co-Portfolio Manager,false,true,true,P,360.0,2.65,954.0,140174.0,D,20766726.827630997,4.593887173065055e-05
2026-01-13,2026-01-14 00:00:00,0001437749-26-001236,RCG,"RENN Fund, Inc.",0000919567,AMEX,,,,STAHL MURRAY,0001207097,President/Co-Portfolio Manager,false,true,true,P,296.0,2.65,784.4,350986.0,I,20766726.827630997,3.777196120075712e-05
2026-01-13,2026-01-14 00:00:00,0001437749-26-001236,RCG,"RENN Fund, Inc.",0000919567,AMEX,,,,STAHL MURRAY,0001207097,President/Co-Portfolio Manager,false,true,true,P,180.0,2.65,477.0,313100.0,I,20766726.827630997,2.2969435865325274e-05
2026-01-13,2026-01-14 00:00:00,0001437749-26-001236,RCG,"RENN Fund, Inc.",0000919567,AMEX,,,,STAHL MURRAY,0001207097,President/Co-Portfolio Manager,false,true,true,P,180.0,2.65,477.0,127848.0,I,20766726.827630997,2.2969435865325274e-05
2026-01-13,2026-01-14 00:00:00,0001437749-26-001236,RCG,"RENN Fund, Inc.",0000919567,AMEX,,,,STAHL MURRAY,0001207097,President/Co-Portfolio Manager,false,true,true,P,82.0,2.65,217.29999999999998,63924.0,I,20766726.827630997,1.0463854116425958e-05
2026-01-13,2026-01-14 00:00:00,0001437749-26-001236,RCG,"RENN Fund, Inc.",0000919567,AMEX,,,,STAHL MURRAY,0001207097,President/Co-Portfolio Manager,false,true,true,P,18.0,2.65,47.699999999999996,11034.0,I,20766726.827630997,2.2969435865325274e-06
2026-01-13,2026-01-14 00:00:00,0001437749-26-001236,RCG,"RENN Fund, Inc.",0000919567,AMEX,,,,STAHL MURRAY,0001207097,President/Co-Portfolio Manager,false,true,true,P,18.0,2.65,47.699999999999996,4958.0,I,20766726.827630997,2.2969435865325274e-06
2026-01-12,2026-01-13 00:00:00,0001437749-26-001150,RCG,"RENN Fund, Inc.",0000919567,AMEX,,,,STAHL MURRAY,0001207097,President/Co-Portfolio Manager,false,true,true,P,360.0,2.61,939.5999999999999,139814.0,D,20766726.827630997,4.5245454798867144e-05
2026-01-12,2026-01-13 00:00:00,0001437749-26-001150,RCG,"RENN Fund, Inc.",0000919567,AMEX,,,,STAHL MURRAY,0001207097,President/Co-Portfolio Manager,false,true,true,P,296.0,2.61,772.56,350690.0,I,20766726.827630997,3.720181839017965e-05
2026-01-12,2026-01-13 00:00:00,0001437749-26-001150,RCG,"RENN Fund, Inc.",0000919567,AMEX,,,,STAHL MURRAY,0001207097,President/Co-Portfolio Manager,false,true,true,P,180.0,2.61,469.79999999999995,127668.0,I,20766726.827630997,2.2622727399433572e-05
2026-01-12,2026-01-13 00:00:00,0001437749-26-001150,RCG,"RENN Fund, Inc.",0000919567,AMEX,,,,STAHL MURRAY,0001207097,President/Co-Portfolio Manager,false,true,true,P,180.0,2.61,469.79999999999995,312920.0,I,20766726.827630997,2.2622727399433572e-05
2026-01-12,2026-01-13 00:00:00,0001437749-26-001150,RCG,"RENN Fund, Inc.",0000919567,AMEX,,,,STAHL MURRAY,0001207097,President/Co-Portfolio Manager,false,true,true,P,82.0,2.61,214.01999999999998,63842.0,I,20766726.827630997,1.0305909148630849e-05
2026-01-12,2026-01-13 00:00:00,0001437749-26-001150,RCG,"RENN Fund, Inc.",0000919567,AMEX,,,,STAHL MURRAY,0001207097,President/Co-Portfolio Manager,false,true,true,P,18.0,2.61,46.98,11016.0,I,20766726.827630997,2.2622727399433574e-06
2026-01-12,2026-01-13 00:00:00,0001437749-26-001150,RCG,"RENN Fund, Inc.",0000919567,AMEX,,,,STAHL MURRAY,0001207097,President/Co-Portfolio Manager,false,true,true,P,18.0,2.61,46.98,4940.0,I,20766726.827630997,2.2622727399433574e-06
2026-01-09,2026-01-12 00:00:00,0001437749-26-001080,RCG,"RENN Fund, Inc.",0000919567,AMEX,,,,STAHL MURRAY,0001207097,President/Co-Portfolio Manager,false,true,true,P,360.0,2.6,936.0,139454.0,D,20766726.827630997,4.50721005659213e-05
2026-01-09,2026-01-12 00:00:00,0001437749-26-001080,RCG,"RENN Fund, Inc.",0000919567,AMEX,,,,STAHL MURRAY,0001207097,President/Co-Portfolio Manager,false,true,true,P,296.0,2.6,769.6,350394.0,I,20766726.827630997,3.705928268753529e-05
2026-01-09,2026-01-12 00:00:00,0001437749-26-001080,RCG,"RENN Fund, Inc.",0000919567,AMEX,,,,STAHL MURRAY,0001207097,President/Co-Portfolio Manager,false,true,true,P,180.0,2.6,468.0,312740.0,I,20766726.827630997,2.253605028296065e-05
2026-01-09,2026-01-12 00:00:00,0001437749-26-001080,RCG,"RENN Fund, Inc.",0000919567,AMEX,,,,STAHL MURRAY,0001207097,President/Co-Portfolio Manager,false,true,true,P,180.0,2.6,468.0,127488.0,I,20766726.827630997,2.253605028296065e-05
2026-01-09,2026-01-12 00:00:00,0001437749-26-001080,RCG,"RENN Fund, Inc.",0000919567,AMEX,,,,STAHL MURRAY,0001207097,President/Co-Portfolio Manager,false,true,true,P,82.0,2.6,213.20000000000002,63760.0,I,20766726.827630997,1.0266422906682074e-05
2026-01-09,2026-01-12 00:00:00,0001437749-26-001080,RCG,"RENN Fund, Inc.",0000919567,AMEX,,,,STAHL MURRAY,0001207097,President/Co-Portfolio Manager,false,true,true,P,18.0,2.6,46.800000000000004,4922.0,I,20766726.827630997,2.253605028296065e-06
2026-01-09,2026-01-12 00:00:00,0001437749-26-001080,RCG,"RENN Fund, Inc.",0000919567,AMEX,,,,STAHL MURRAY,0001207097,President/Co-Portfolio Manager,false,true,true,P,18.0,2.6,46.800000000000004,10998.0,I,20766726.827630997,2.253605028296065e-06
2026-01-08,2026-01-09 00:00:00,0001437749-26-000977,RCG,"RENN Fund, Inc.",0000919567,AMEX,,,,STAHL MURRAY,0001207097,President/Co-Portfolio Manager,false,true,true,P,360.0,2.6,936.0,139094.0,D,20766726.827630997,4.50721005659213e-05
2026-01-08,2026-01-09 00:00:00,0001437749-26-000977,RCG,"RENN Fund, Inc.",0000919567,AMEX,,,,STAHL MURRAY,0001207097,President/Co-Portfolio Manager,false,true,true,P,296.0,2.6,769.6,350098.0,I,20766726.827630997,3.705928268753529e-05
2026-01-08,2026-01-09 00:00:00,0001437749-26-000977,RCG,"RENN Fund, Inc.",0000919567,AMEX,,,,STAHL MURRAY,0001207097,President/Co-Portfolio Manager,false,true,true,P,180.0,2.6,468.0,312560.0,I,20766726.827630997,2.253605028296065e-05
2026-01-08,2026-01-09 00:00:00,0001437749-26-000977,RCG,"RENN Fund, Inc.",0000919567,AMEX,,,,STAHL MURRAY,0001207097,President/Co-Portfolio Manager,false,true,true,P,180.0,2.6,468.0,127308.0,I,20766726.827630997,2.253605028296065e-05
2026-01-08,2026-01-09 00:00:00,0001437749-26-000977,RCG,"RENN Fund, Inc.",0000919567,AMEX,,,,STAHL MURRAY,0001207097,President/Co-Portfolio Manager,false,true,true,P,82.0,2.6,213.20000000000002,63678.0,I,20766726.827630997,1.0266422906682074e-05
2026-01-08,2026-01-09 00:00:00,0001437749-26-000977,RCG,"RENN Fund, Inc.",0000919567,AMEX,,,,STAHL MURRAY,0001207097,President/Co-Portfolio Manager,false,true,true,P,18.0,2.6,46.800000000000004,4904.0,I,20766726.827630997,2.253605028296065e-06
2026-01-08,2026-01-09 00:00:00,0001437749-26-000977,RCG,"RENN Fund, Inc.",0000919567,AMEX,,,,STAHL MURRAY,0001207097,President/Co-Portfolio Manager,false,true,true,P,18.0,2.6,46.800000000000004,10980.0,I,20766726.827630997,2.253605028296065e-06
2026-01-07,2026-01-09 00:00:00,0001437749-26-000963,RCG,"RENN Fund, Inc.",0000919567,AMEX,,,,STAHL MURRAY,0001207097,President/Co-Portfolio Manager,false,true,true,P,360.0,2.64,950.4000000000001,138734.0,D,20766726.827630997,4.57655174977047e-05
2026-01-07,2026-01-09 00:00:00,0001437749-26-000963,RCG,"RENN Fund, Inc.",0000919567,AMEX,,,,STAHL MURRAY,0001207097,President/Co-Portfolio Manager,false,true,true,P,296.0,2.64,781.44,349802.0,I,20766726.827630997,3.762942549811276e-05
2026-01-07,2026-01-09 00:00:00,0001437749-26-000963,RCG,"RENN Fund, Inc.",0000919567,AMEX,,,,STAHL MURRAY,0001207097,President/Co-Portfolio Manager,false,true,true,P,180.0,2.64,475.20000000000005,127128.0,I,20766726.827630997,2.288275874885235e-05
2026-01-07,2026-01-09 00:00:00,0001437749-26-000963,RCG,"RENN Fund, Inc.",0000919567,AMEX,,,,STAHL MURRAY,0001207097,President/Co-Portfolio Manager,false,true,true,P,180.0,2.64,475.20000000000005,312380.0,I,20766726.827630997,2.288275874885235e-05
2026-01-07,2026-01-09 00:00:00,0001437749-26-000963,RCG,"RENN Fund, Inc.",0000919567,AMEX,,,,STAHL MURRAY,0001207097,President/Co-Portfolio Manager,false,true,true,P,82.0,2.64,216.48000000000002,63596.0,I,20766726.827630997,1.0424367874477182e-05
2026-01-07,2026-01-09 00:00:00,0001437749-26-000963,RCG,"RENN Fund, Inc.",0000919567,AMEX,,,,STAHL MURRAY,0001207097,President/Co-Portfolio Manager,false,true,true,P,18.0,2.64,47.52,4886.0,I,20766726.827630997,2.288275874885235e-06
2026-01-07,2026-01-09 00:00:00,0001437749-26-000963,RCG,"RENN Fund, Inc.",0000919567,AMEX,,,,STAHL MURRAY,0001207097,President/Co-Portfolio Manager,false,true,true,P,18.0,2.64,47.52,10962.0,I,20766726.827630997,2.288275874885235e-06
2026-01-06,2026-01-07 00:00:00,0001437749-26-000751,RCG,"RENN Fund, Inc.",0000919567,AMEX,,,,STAHL MURRAY,0001207097,President/Co-Portfolio Manager,false,true,true,P,360.0,2.6,936.0,138374.0,D,20766726.827630997,4.50721005659213e-05
2026-01-06,2026-01-07 00:00:00,0001437749-26-000751,RCG,"RENN Fund, Inc.",0000919567,AMEX,,,,STAHL MURRAY,0001207097,President/Co-Portfolio Manager,false,true,true,P,296.0,2.6,769.6,349506.0,I,20766726.827630997,3.705928268753529e-05
2026-01-06,2026-01-07 00:00:00,0001437749-26-000751,RCG,"RENN Fund, Inc.",0000919567,AMEX,,,,STAHL MURRAY,0001207097,President/Co-Portfolio Manager,false,true,true,P,180.0,2.6,468.0,126948.0,I,20766726.827630997,2.253605028296065e-05
2026-01-06,2026-01-07 00:00:00,0001437749-26-000751,RCG,"RENN Fund, Inc.",0000919567,AMEX,,,,STAHL MURRAY,0001207097,President/Co-Portfolio Manager,false,true,true,P,180.0,2.6,468.0,312200.0,I,20766726.827630997,2.253605028296065e-05
2026-01-06,2026-01-07 00:00:00,0001437749-26-000751,RCG,"RENN Fund, Inc.",0000919567,AMEX,,,,STAHL MURRAY,0001207097,President/Co-Portfolio Manager,false,true,true,P,82.0,2.6,213.20000000000002,63514.0,I,20766726.827630997,1.0266422906682074e-05
2026-01-06,2026-01-07 00:00:00,0001437749-26-000751,RCG,"RENN Fund, Inc.",0000919567,AMEX,,,,STAHL MURRAY,0001207097,President/Co-Portfolio Manager,false,true,true,P,18.0,2.6,46.800000000000004,4868.0,I,20766726.827630997,2.253605028296065e-06
2026-01-06,2026-01-07 00:00:00,0001437749-26-000751,RCG,"RENN Fund, Inc.",0000919567,AMEX,,,,STAHL MURRAY,0001207097,President/Co-Portfolio Manager,false,true,true,P,18.0,2.6,46.800000000000004,10944.0,I,20766726.827630997,2.253605028296065e-06
2026-01-05,2026-01-06 00:00:00,0001437749-26-000496,RCG,"RENN Fund, Inc.",0000919567,AMEX,,,,STAHL MURRAY,0001207097,President/Co-Portfolio Manager,false,true,true,P,360.0,2.64,950.4000000000001,138014.0,D,20766726.827630997,4.57655174977047e-05
2026-01-05,2026-01-06 00:00:00,0001437749-26-000496,RCG,"RENN Fund, Inc.",0000919567,AMEX,,,,STAHL MURRAY,0001207097,President/Co-Portfolio Manager,false,true,true,P,296.0,2.64,781.44,349210.0,I,20766726.827630997,3.762942549811276e-05
2026-01-05,2026-01-06 00:00:00,0001437749-26-000496,RCG,"RENN Fund, Inc.",0000919567,AMEX,,,,STAHL MURRAY,0001207097,President/Co-Portfolio Manager,false,true,true,P,180.0,2.64,475.20000000000005,312020.0,I,20766726.827630997,2.288275874885235e-05
2026-01-05,2026-01-06 00:00:00,0001437749-26-000496,RCG,"RENN Fund, Inc.",0000919567,AMEX,,,,STAHL MURRAY,0001207097,President/Co-Portfolio Manager,false,true,true,P,180.0,2.64,475.20000000000005,126768.0,I,20766726.827630997,2.288275874885235e-05
2026-01-05,2026-01-06 00:00:00,0001437749-26-000496,RCG,"RENN Fund, Inc.",0000919567,AMEX,,,,STAHL MURRAY,0001207097,President/Co-Portfolio Manager,false,true,true,P,82.0,2.64,216.48000000000002,63432.0,I,20766726.827630997,1.0424367874477182e-05
2026-01-05,2026-01-06 00:00:00,0001437749-26-000496,RCG,"RENN Fund, Inc.",0000919567,AMEX,,,,STAHL MURRAY,0001207097,President/Co-Portfolio Manager,false,true,true,P,18.0,2.64,47.52,4850.0,I,20766726.827630997,2.288275874885235e-06
2026-01-05,2026-01-06 00:00:00,0001437749-26-000496,RCG,"RENN Fund, Inc.",0000919567,AMEX,,,,STAHL MURRAY,0001207097,President/Co-Portfolio Manager,false,true,true,P,18.0,2.64,47.52,10926.0,I,20766726.827630997,2.288275874885235e-06
2026-01-02,2026-01-05 00:00:00,0001437749-26-000311,RCG,"RENN Fund, Inc.",0000919567,AMEX,,,,STAHL MURRAY,0001207097,President/Co-Portfolio Manager,false,true,true,P,360.0,2.59,932.4,137654.0,D,20766726.827630997,4.4898746332975445e-05
2026-01-02,2026-01-05 00:00:00,0001437749-26-000311,RCG,"RENN Fund, Inc.",0000919567,AMEX,,,,STAHL MURRAY,0001207097,President/Co-Portfolio Manager,false,true,true,P,296.0,2.59,766.64,348914.0,I,20766726.827630997,3.691674698489092e-05
2026-01-02,2026-01-05 00:00:00,0001437749-26-000311,RCG,"RENN Fund, Inc.",0000919567,AMEX,,,,STAHL MURRAY,0001207097,President/Co-Portfolio Manager,false,true,true,P,180.0,2.59,466.2,311840.0,I,20766726.827630997,2.2449373166487722e-05
2026-01-02,2026-01-05 00:00:00,0001437749-26-000311,RCG,"RENN Fund, Inc.",0000919567,AMEX,,,,STAHL MURRAY,0001207097,President/Co-Portfolio Manager,false,true,true,P,180.0,2.59,466.2,126588.0,I,20766726.827630997,2.2449373166487722e-05
2026-01-02,2026-01-05 00:00:00,0001437749-26-000311,RCG,"RENN Fund, Inc.",0000919567,AMEX,,,,STAHL MURRAY,0001207097,President/Co-Portfolio Manager,false,true,true,P,82.0,2.59,212.38,63350.0,I,20766726.827630997,1.0226936664733295e-05
2026-01-02,2026-01-05 00:00:00,0001437749-26-000311,RCG,"RENN Fund, Inc.",0000919567,AMEX,,,,STAHL MURRAY,0001207097,President/Co-Portfolio Manager,false,true,true,P,18.0,2.59,46.62,10908.0,I,20766726.827630997,2.244937316648772e-06
2026-01-02,2026-01-05 00:00:00,0001437749-26-000311,RCG,"RENN Fund, Inc.",0000919567,AMEX,,,,STAHL MURRAY,0001207097,President/Co-Portfolio Manager,false,true,true,P,18.0,2.59,46.62,4832.0,I,20766726.827630997,2.244937316648772e-06
2025-12-31,2026-01-02 00:00:00,0001437749-26-000019,RCG,"RENN Fund, Inc.",0000919567,AMEX,,,,STAHL MURRAY,0001207097,President/Co-Portfolio Manager,false,true,true,P,360.0,2.62,943.2,137294.0,D,20766726.827630997,4.5418809031813e-05
2025-12-31,2026-01-02 00:00:00,0001437749-26-000019,RCG,"RENN Fund, Inc.",0000919567,AMEX,,,,STAHL MURRAY,0001207097,President/Co-Portfolio Manager,false,true,true,P,296.0,2.62,775.52,348618.0,I,20766726.827630997,3.734435409282402e-05
2025-12-31,2026-01-02 00:00:00,0001437749-26-000019,RCG,"RENN Fund, Inc.",0000919567,AMEX,,,,STAHL MURRAY,0001207097,President/Co-Portfolio Manager,false,true,true,P,180.0,2.62,471.6,311660.0,I,20766726.827630997,2.27094045159065e-05
2025-12-31,2026-01-02 00:00:00,0001437749-26-000019,RCG,"RENN Fund, Inc.",0000919567,AMEX,,,,STAHL MURRAY,0001207097,President/Co-Portfolio Manager,false,true,true,P,180.0,2.62,471.6,126408.0,I,20766726.827630997,2.27094045159065e-05
2025-12-31,2026-01-02 00:00:00,0001437749-26-000019,RCG,"RENN Fund, Inc.",0000919567,AMEX,,,,STAHL MURRAY,0001207097,President/Co-Portfolio Manager,false,true,true,P,82.0,2.62,214.84,63268.0,I,20766726.827630997,1.0345395390579627e-05
2025-12-31,2026-01-02 00:00:00,0001437749-26-000019,RCG,"RENN Fund, Inc.",0000919567,AMEX,,,,STAHL MURRAY,0001207097,President/Co-Portfolio Manager,false,true,true,P,18.0,2.62,47.160000000000004,10890.0,I,20766726.827630997,2.27094045159065e-06
2025-12-31,2026-01-02 00:00:00,0001437749-26-000019,RCG,"RENN Fund, Inc.",0000919567,AMEX,,,,STAHL MURRAY,0001207097,President/Co-Portfolio Manager,false,true,true,P,18.0,2.62,47.160000000000004,4814.0,I,20766726.827630997,2.27094045159065e-06
2025-12-30,2025-12-31 00:00:00,0001437749-25-039014,RCG,"RENN Fund, Inc.",0000919567,AMEX,,,,STAHL MURRAY,0001207097,President/Co-Portfolio Manager,false,true,true,P,360.0,2.61,939.5999999999999,136934.0,D,20766726.827630997,4.5245454798867144e-05
2025-12-30,2025-12-31 00:00:00,0001437749-25-039014,RCG,"RENN Fund, Inc.",0000919567,AMEX,,,,STAHL MURRAY,0001207097,President/Co-Portfolio Manager,false,true,true,P,296.0,2.61,772.56,348322.0,I,20766726.827630997,3.720181839017965e-05
2025-12-30,2025-12-31 00:00:00,0001437749-25-039014,RCG,"RENN Fund, Inc.",0000919567,AMEX,,,,STAHL MURRAY,0001207097,President/Co-Portfolio Manager,false,true,true,P,180.0,2.61,469.79999999999995,311480.0,I,20766726.827630997,2.2622727399433572e-05
2025-12-30,2025-12-31 00:00:00,0001437749-25-039014,RCG,"RENN Fund, Inc.",0000919567,AMEX,,,,STAHL MURRAY,0001207097,President/Co-Portfolio Manager,false,true,true,P,180.0,2.61,469.79999999999995,126228.0,I,20766726.827630997,2.2622727399433572e-05
2025-12-30,2025-12-31 00:00:00,0001437749-25-039014,RCG,"RENN Fund, Inc.",0000919567,AMEX,,,,STAHL MURRAY,0001207097,President/Co-Portfolio Manager,false,true,true,P,82.0,2.61,214.01999999999998,63186.0,I,20766726.827630997,1.0305909148630849e-05
2025-12-30,2025-12-31 00:00:00,0001437749-25-039014,RCG,"RENN Fund, Inc.",0000919567,AMEX,,,,STAHL MURRAY,0001207097,President/Co-Portfolio Manager,false,true,true,P,18.0,2.61,46.98,4796.0,I,20766726.827630997,2.2622727399433574e-06
2025-12-30,2025-12-31 00:00:00,0001437749-25-039014,RCG,"RENN Fund, Inc.",0000919567,AMEX,,,,STAHL MURRAY,0001207097,President/Co-Portfolio Manager,false,true,true,P,18.0,2.61,46.98,10872.0,I,20766726.827630997,2.2622727399433574e-06
2025-12-29,2025-12-30 00:00:00,0001437749-25-038913,RCG,"RENN Fund, Inc.",0000919567,AMEX,,,,STAHL MURRAY,0001207097,President/Co-Portfolio Manager,false,true,true,P,360.0,2.65,954.0,136574.0,D,20766726.827630997,4.593887173065055e-05
2025-12-29,2025-12-30 00:00:00,0001437749-25-038913,RCG,"RENN Fund, Inc.",0000919567,AMEX,,,,STAHL MURRAY,0001207097,President/Co-Portfolio Manager,false,true,true,P,296.0,2.65,784.4,348026.0,I,20766726.827630997,3.777196120075712e-05
2025-12-29,2025-12-30 00:00:00,0001437749-25-038913,RCG,"RENN Fund, Inc.",0000919567,AMEX,,,,STAHL MURRAY,0001207097,President/Co-Portfolio Manager,false,true,true,P,180.0,2.65,477.0,311300.0,I,20766726.827630997,2.2969435865325274e-05
2025-12-29,2025-12-30 00:00:00,0001437749-25-038913,RCG,"RENN Fund, Inc.",0000919567,AMEX,,,,STAHL MURRAY,0001207097,President/Co-Portfolio Manager,false,true,true,P,180.0,2.65,477.0,126048.0,I,20766726.827630997,2.2969435865325274e-05
2025-12-29,2025-12-30 00:00:00,0001437749-25-038913,RCG,"RENN Fund, Inc.",0000919567,AMEX,,,,STAHL MURRAY,0001207097,President/Co-Portfolio Manager,false,true,true,P,82.0,2.65,217.29999999999998,63104.0,I,20766726.827630997,1.0463854116425958e-05
2025-12-29,2025-12-30 00:00:00,0001437749-25-038895,RCG,"RENN Fund, Inc.",0000919567,AMEX,,,,Brennan Alice C,0001770906,,true,false,false,P,19.0,2.63,49.97,2369.0,D,20766726.827630997,2.4062530611956058e-06
2025-12-29,2025-12-30 00:00:00,0001437749-25-038913,RCG,"RENN Fund, Inc.",0000919567,AMEX,,,,STAHL MURRAY,0001207097,President/Co-Portfolio Manager,false,true,true,P,18.0,2.65,47.699999999999996,4778.0,I,20766726.827630997,2.2969435865325274e-06
2025-12-29,2025-12-30 00:00:00,0001437749-25-038913,RCG,"RENN Fund, Inc.",0000919567,AMEX,,,,STAHL MURRAY,0001207097,President/Co-Portfolio Manager,false,true,true,P,18.0,2.65,47.699999999999996,10854.0,I,20766726.827630997,2.2969435865325274e-06
2025-12-29,2025-12-31 00:00:00,0001437749-25-039006,RCG,"RENN Fund, Inc.",0000919567,AMEX,,,,Kesslen Jay H,0001525039,Vice-President,false,true,false,P,17.0,2.63,44.71,42880.0,D,20766726.827630997,2.152963265280279e-06
2025-12-29,2025-12-31 00:00:00,0001437749-25-039011,RCG,"RENN Fund, Inc.",0000919567,AMEX,,,,Allen Anita L,0002026778,,true,false,false,P,5.0,2.64,13.200000000000001,658.0,D,20766726.827630997,6.356321874681209e-07
2025-12-29,2025-12-31 00:00:00,0001437749-25-039007,RCG,"RENN Fund, Inc.",0000919567,AMEX,,,,Russell Grimaldi,0001866235,CCO & Secretary,false,true,false,P,3.0,2.63,7.89,415.0,D,20766726.827630997,3.799346938729904e-07
2025-12-26,2025-12-29 00:00:00,0001437749-25-038803,RCG,"RENN Fund, Inc.",0000919567,AMEX,,,,STAHL MURRAY,0001207097,President/Co-Portfolio Manager,false,true,true,P,360.0,2.65,954.0,136214.0,D,20766726.827630997,4.593887173065055e-05
2025-12-26,2025-12-29 00:00:00,0001437749-25-038803,RCG,"RENN Fund, Inc.",0000919567,AMEX,,,,STAHL MURRAY,0001207097,President/Co-Portfolio Manager,false,true,true,P,296.0,2.65,784.4,347730.0,I,20766726.827630997,3.777196120075712e-05
2025-12-26,2025-12-29 00:00:00,0001437749-25-038803,RCG,"RENN Fund, Inc.",0000919567,AMEX,,,,STAHL MURRAY,0001207097,President/Co-Portfolio Manager,false,true,true,P,180.0,2.65,477.0,125868.0,I,20766726.827630997,2.2969435865325274e-05
2025-12-26,2025-12-29 00:00:00,0001437749-25-038803,RCG,"RENN Fund, Inc.",0000919567,AMEX,,,,STAHL MURRAY,0001207097,President/Co-Portfolio Manager,false,true,true,P,180.0,2.65,477.0,311120.0,I,20766726.827630997,2.2969435865325274e-05
2025-12-26,2025-12-29 00:00:00,0001437749-25-038803,RCG,"RENN Fund, Inc.",0000919567,AMEX,,,,STAHL MURRAY,0001207097,President/Co-Portfolio Manager,false,true,true,P,82.0,2.65,217.29999999999998,63022.0,I,20766726.827630997,1.0463854116425958e-05
2025-12-26,2025-12-29 00:00:00,0001437749-25-038803,RCG,"RENN Fund, Inc.",0000919567,AMEX,,,,STAHL MURRAY,0001207097,President/Co-Portfolio Manager,false,true,true,P,18.0,2.65,47.699999999999996,4760.0,I,20766726.827630997,2.2969435865325274e-06
2025-12-26,2025-12-29 00:00:00,0001437749-25-038803,RCG,"RENN Fund, Inc.",0000919567,AMEX,,,,STAHL MURRAY,0001207097,President/Co-Portfolio Manager,false,true,true,P,18.0,2.65,47.699999999999996,10836.0,I,20766726.827630997,2.2969435865325274e-06
2025-12-24,2025-12-29 00:00:00,0001437749-25-038799,RCG,"RENN Fund, Inc.",0000919567,AMEX,,,,STAHL MURRAY,0001207097,President/Co-Portfolio Manager,false,true,true,P,360.0,2.65,954.0,135854.0,D,20766726.827630997,4.593887173065055e-05
2025-12-24,2025-12-29 00:00:00,0001437749-25-038799,RCG,"RENN Fund, Inc.",0000919567,AMEX,,,,STAHL MURRAY,0001207097,President/Co-Portfolio Manager,false,true,true,P,296.0,2.65,784.4,347434.0,I,20766726.827630997,3.777196120075712e-05
2025-12-24,2025-12-29 00:00:00,0001437749-25-038799,RCG,"RENN Fund, Inc.",0000919567,AMEX,,,,STAHL MURRAY,0001207097,President/Co-Portfolio Manager,false,true,true,P,180.0,2.65,477.0,310940.0,I,20766726.827630997,2.2969435865325274e-05
2025-12-24,2025-12-29 00:00:00,0001437749-25-038799,RCG,"RENN Fund, Inc.",0000919567,AMEX,,,,STAHL MURRAY,0001207097,President/Co-Portfolio Manager,false,true,true,P,180.0,2.65,477.0,125688.0,I,20766726.827630997,2.2969435865325274e-05
2025-12-24,2025-12-29 00:00:00,0001437749-25-038799,RCG,"RENN Fund, Inc.",0000919567,AMEX,,,,STAHL MURRAY,0001207097,President/Co-Portfolio Manager,false,true,true,P,82.0,2.65,217.29999999999998,62940.0,I,20766726.827630997,1.0463854116425958e-05
2025-12-24,2025-12-29 00:00:00,0001437749-25-038799,RCG,"RENN Fund, Inc.",0000919567,AMEX,,,,STAHL MURRAY,0001207097,President/Co-Portfolio Manager,false,true,true,P,18.0,2.65,47.699999999999996,10818.0,I,20766726.827630997,2.2969435865325274e-06
2025-12-24,2025-12-29 00:00:00,0001437749-25-038799,RCG,"RENN Fund, Inc.",0000919567,AMEX,,,,STAHL MURRAY,0001207097,President/Co-Portfolio Manager,false,true,true,P,18.0,2.65,47.699999999999996,4742.0,I,20766726.827630997,2.2969435865325274e-06
2025-12-23,2025-12-29 00:00:00,0001437749-25-038798,RCG,"RENN Fund, Inc.",0000919567,AMEX,,,,STAHL MURRAY,0001207097,President/Co-Portfolio Manager,false,true,true,P,360.0,2.65,954.0,135494.0,D,20766726.827630997,4.593887173065055e-05
2025-12-23,2025-12-29 00:00:00,0001437749-25-038798,RCG,"RENN Fund, Inc.",0000919567,AMEX,,,,STAHL MURRAY,0001207097,President/Co-Portfolio Manager,false,true,true,P,296.0,2.65,784.4,347138.0,I,20766726.827630997,3.777196120075712e-05
2025-12-23,2025-12-29 00:00:00,0001437749-25-038798,RCG,"RENN Fund, Inc.",0000919567,AMEX,,,,STAHL MURRAY,0001207097,President/Co-Portfolio Manager,false,true,true,P,180.0,2.65,477.0,310760.0,I,20766726.827630997,2.2969435865325274e-05
2025-12-23,2025-12-29 00:00:00,0001437749-25-038798,RCG,"RENN Fund, Inc.",0000919567,AMEX,,,,STAHL MURRAY,0001207097,President/Co-Portfolio Manager,false,true,true,P,180.0,2.65,477.0,125508.0,I,20766726.827630997,2.2969435865325274e-05
2025-12-23,2025-12-29 00:00:00,0001437749-25-038798,RCG,"RENN Fund, Inc.",0000919567,AMEX,,,,STAHL MURRAY,0001207097,President/Co-Portfolio Manager,false,true,true,P,82.0,2.65,217.29999999999998,62858.0,I,20766726.827630997,1.0463854116425958e-05
2025-12-23,2025-12-29 00:00:00,0001437749-25-038798,RCG,"RENN Fund, Inc.",0000919567,AMEX,,,,STAHL MURRAY,0001207097,President/Co-Portfolio Manager,false,true,true,P,18.0,2.65,47.699999999999996,4724.0,I,20766726.827630997,2.2969435865325274e-06
2025-12-23,2025-12-29 00:00:00,0001437749-25-038798,RCG,"RENN Fund, Inc.",0000919567,AMEX,,,,STAHL MURRAY,0001207097,President/Co-Portfolio Manager,false,true,true,P,18.0,2.65,47.699999999999996,10800.0,I,20766726.827630997,2.2969435865325274e-06
2025-12-22,2025-12-23 00:00:00,0001437749-25-038677,RCG,"RENN Fund, Inc.",0000919567,AMEX,,,,STAHL MURRAY,0001207097,President/Co-Portfolio Manager,false,true,true,P,360.0,2.6,936.0,135134.0,D,20766726.827630997,4.50721005659213e-05
2025-12-22,2025-12-23 00:00:00,0001437749-25-038677,RCG,"RENN Fund, Inc.",0000919567,AMEX,,,,STAHL MURRAY,0001207097,President/Co-Portfolio Manager,false,true,true,P,296.0,2.6,769.6,346842.0,I,20766726.827630997,3.705928268753529e-05
2025-12-22,2025-12-23 00:00:00,0001437749-25-038677,RCG,"RENN Fund, Inc.",0000919567,AMEX,,,,STAHL MURRAY,0001207097,President/Co-Portfolio Manager,false,true,true,P,180.0,2.6,468.0,310580.0,I,20766726.827630997,2.253605028296065e-05
2025-12-22,2025-12-23 00:00:00,0001437749-25-038677,RCG,"RENN Fund, Inc.",0000919567,AMEX,,,,STAHL MURRAY,0001207097,President/Co-Portfolio Manager,false,true,true,P,180.0,2.6,468.0,125328.0,I,20766726.827630997,2.253605028296065e-05
2025-12-22,2025-12-23 00:00:00,0001437749-25-038677,RCG,"RENN Fund, Inc.",0000919567,AMEX,,,,STAHL MURRAY,0001207097,President/Co-Portfolio Manager,false,true,true,P,82.0,2.6,213.20000000000002,62776.0,I,20766726.827630997,1.0266422906682074e-05
2025-12-22,2025-12-23 00:00:00,0001437749-25-038677,RCG,"RENN Fund, Inc.",0000919567,AMEX,,,,STAHL MURRAY,0001207097,President/Co-Portfolio Manager,false,true,true,P,18.0,2.6,46.800000000000004,10782.0,I,20766726.827630997,2.253605028296065e-06
2025-12-22,2025-12-23 00:00:00,0001437749-25-038677,RCG,"RENN Fund, Inc.",0000919567,AMEX,,,,STAHL MURRAY,0001207097,President/Co-Portfolio Manager,false,true,true,P,18.0,2.6,46.800000000000004,4706.0,I,20766726.827630997,2.253605028296065e-06
2025-12-19,2025-12-22 00:00:00,0001437749-25-038489,RCG,"RENN Fund, Inc.",0000919567,AMEX,,,,STAHL MURRAY,0001207097,President/Co-Portfolio Manager,false,true,true,P,360.0,2.65,954.0,134774.0,D,20766726.827630997,4.593887173065055e-05
2025-12-19,2025-12-22 00:00:00,0001437749-25-038489,RCG,"RENN Fund, Inc.",0000919567,AMEX,,,,STAHL MURRAY,0001207097,President/Co-Portfolio Manager,false,true,true,P,296.0,2.65,784.4,346546.0,I,20766726.827630997,3.777196120075712e-05
2025-12-19,2025-12-22 00:00:00,0001437749-25-038489,RCG,"RENN Fund, Inc.",0000919567,AMEX,,,,STAHL MURRAY,0001207097,President/Co-Portfolio Manager,false,true,true,P,180.0,2.65,477.0,310400.0,I,20766726.827630997,2.2969435865325274e-05
2025-12-19,2025-12-22 00:00:00,0001437749-25-038489,RCG,"RENN Fund, Inc.",0000919567,AMEX,,,,STAHL MURRAY,0001207097,President/Co-Portfolio Manager,false,true,true,P,180.0,2.65,477.0,125148.0,I,20766726.827630997,2.2969435865325274e-05
2025-12-19,2025-12-22 00:00:00,0001437749-25-038489,RCG,"RENN Fund, Inc.",0000919567,AMEX,,,,STAHL MURRAY,0001207097,President/Co-Portfolio Manager,false,true,true,P,82.0,2.65,217.29999999999998,62694.0,I,20766726.827630997,1.0463854116425958e-05
2025-12-19,2025-12-22 00:00:00,0001437749-25-038489,RCG,"RENN Fund, Inc.",0000919567,AMEX,,,,STAHL MURRAY,0001207097,President/Co-Portfolio Manager,false,true,true,P,18.0,2.65,47.699999999999996,10764.0,I,20766726.827630997,2.2969435865325274e-06
2025-12-19,2025-12-22 00:00:00,0001437749-25-038489,RCG,"RENN Fund, Inc.",0000919567,AMEX,,,,STAHL MURRAY,0001207097,President/Co-Portfolio Manager,false,true,true,P,18.0,2.65,47.699999999999996,4688.0,I,20766726.827630997,2.2969435865325274e-06
2025-12-18,2025-12-19 00:00:00,0001437749-25-038370,RCG,"RENN Fund, Inc.",0000919567,AMEX,,,,STAHL MURRAY,0001207097,President/Co-Portfolio Manager,false,true,true,P,360.0,2.65,954.0,134414.0,D,20766726.827630997,4.593887173065055e-05
2025-12-18,2025-12-19 00:00:00,0001437749-25-038370,RCG,"RENN Fund, Inc.",0000919567,AMEX,,,,STAHL MURRAY,0001207097,President/Co-Portfolio Manager,false,true,true,P,296.0,2.65,784.4,346250.0,I,20766726.827630997,3.777196120075712e-05
2025-12-18,2026-02-10 00:00:00,0001437749-26-003621,RCG,"RENN Fund, Inc.",0000919567,AMEX,,,,DOYLE PETER,0001295022,,false,false,false,P,300.0,2.6,780.0,300.0,D,20766726.827630997,3.7560083804934414e-05
2025-12-18,2025-12-19 00:00:00,0001437749-25-038370,RCG,"RENN Fund, Inc.",0000919567,AMEX,,,,STAHL MURRAY,0001207097,President/Co-Portfolio Manager,false,true,true,P,180.0,2.65,477.0,310220.0,I,20766726.827630997,2.2969435865325274e-05
2025-12-18,2025-12-19 00:00:00,0001437749-25-038370,RCG,"RENN Fund, Inc.",0000919567,AMEX,,,,STAHL MURRAY,0001207097,President/Co-Portfolio Manager,false,true,true,P,180.0,2.65,477.0,124968.0,I,20766726.827630997,2.2969435865325274e-05
2025-12-18,2025-12-19 00:00:00,0001437749-25-038370,RCG,"RENN Fund, Inc.",0000919567,AMEX,,,,STAHL MURRAY,0001207097,President/Co-Portfolio Manager,false,true,true,P,82.0,2.65,217.29999999999998,62612.0,I,20766726.827630997,1.0463854116425958e-05
2025-12-18,2025-12-19 00:00:00,0001437749-25-038370,RCG,"RENN Fund, Inc.",0000919567,AMEX,,,,STAHL MURRAY,0001207097,President/Co-Portfolio Manager,false,true,true,P,18.0,2.65,47.699999999999996,10746.0,I,20766726.827630997,2.2969435865325274e-06
2025-12-18,2025-12-19 00:00:00,0001437749-25-038370,RCG,"RENN Fund, Inc.",0000919567,AMEX,,,,STAHL MURRAY,0001207097,President/Co-Portfolio Manager,false,true,true,P,18.0,2.65,47.699999999999996,4670.0,I,20766726.827630997,2.2969435865325274e-06
2025-12-17,2025-12-18 00:00:00,0001437749-25-038224,RCG,"RENN Fund, Inc.",0000919567,AMEX,,,,STAHL MURRAY,0001207097,President/Co-Portfolio Manager,false,true,true,P,360.0,2.65,954.0,134054.0,D,20766726.827630997,4.593887173065055e-05
2025-12-17,2025-12-18 00:00:00,0001437749-25-038224,RCG,"RENN Fund, Inc.",0000919567,AMEX,,,,STAHL MURRAY,0001207097,President/Co-Portfolio Manager,false,true,true,P,296.0,2.65,784.4,345954.0,I,20766726.827630997,3.777196120075712e-05
2025-12-17,2025-12-18 00:00:00,0001437749-25-038224,RCG,"RENN Fund, Inc.",0000919567,AMEX,,,,STAHL MURRAY,0001207097,President/Co-Portfolio Manager,false,true,true,P,180.0,2.65,477.0,310040.0,I,20766726.827630997,2.2969435865325274e-05
2025-12-17,2025-12-18 00:00:00,0001437749-25-038224,RCG,"RENN Fund, Inc.",0000919567,AMEX,,,,STAHL MURRAY,0001207097,President/Co-Portfolio Manager,false,true,true,P,180.0,2.65,477.0,124788.0,I,20766726.827630997,2.2969435865325274e-05
2025-12-17,2025-12-18 00:00:00,0001437749-25-038224,RCG,"RENN Fund, Inc.",0000919567,AMEX,,,,STAHL MURRAY,0001207097,President/Co-Portfolio Manager,false,true,true,P,82.0,2.65,217.29999999999998,62530.0,I,20766726.827630997,1.0463854116425958e-05
2025-12-17,2025-12-18 00:00:00,0001437749-25-038224,RCG,"RENN Fund, Inc.",0000919567,AMEX,,,,STAHL MURRAY,0001207097,President/Co-Portfolio Manager,false,true,true,P,18.0,2.65,47.699999999999996,4652.0,I,20766726.827630997,2.2969435865325274e-06
2025-12-17,2025-12-18 00:00:00,0001437749-25-038224,RCG,"RENN Fund, Inc.",0000919567,AMEX,,,,STAHL MURRAY,0001207097,President/Co-Portfolio Manager,false,true,true,P,18.0,2.65,47.699999999999996,10728.0,I,20766726.827630997,2.2969435865325274e-06
2025-12-16,2025-12-17 00:00:00,0001437749-25-038095,RCG,"RENN Fund, Inc.",0000919567,AMEX,,,,STAHL MURRAY,0001207097,President/Co-Portfolio Manager,false,true,true,P,360.0,2.64,950.4000000000001,133694.0,D,20766726.827630997,4.57655174977047e-05
2025-12-16,2025-12-17 00:00:00,0001437749-25-038095,RCG,"RENN Fund, Inc.",0000919567,AMEX,,,,STAHL MURRAY,0001207097,President/Co-Portfolio Manager,false,true,true,P,296.0,2.64,781.44,345658.0,I,20766726.827630997,3.762942549811276e-05
2025-12-16,2025-12-17 00:00:00,0001437749-25-038095,RCG,"RENN Fund, Inc.",0000919567,AMEX,,,,STAHL MURRAY,0001207097,President/Co-Portfolio Manager,false,true,true,P,180.0,2.64,475.20000000000005,124608.0,I,20766726.827630997,2.288275874885235e-05
2025-12-16,2025-12-17 00:00:00,0001437749-25-038095,RCG,"RENN Fund, Inc.",0000919567,AMEX,,,,STAHL MURRAY,0001207097,President/Co-Portfolio Manager,false,true,true,P,180.0,2.64,475.20000000000005,309860.0,I,20766726.827630997,2.288275874885235e-05
2025-12-16,2025-12-17 00:00:00,0001437749-25-038095,RCG,"RENN Fund, Inc.",0000919567,AMEX,,,,STAHL MURRAY,0001207097,President/Co-Portfolio Manager,false,true,true,P,82.0,2.64,216.48000000000002,62448.0,I,20766726.827630997,1.0424367874477182e-05
2025-12-16,2025-12-17 00:00:00,0001437749-25-038095,RCG,"RENN Fund, Inc.",0000919567,AMEX,,,,STAHL MURRAY,0001207097,President/Co-Portfolio Manager,false,true,true,P,18.0,2.64,47.52,4634.0,I,20766726.827630997,2.288275874885235e-06
2025-12-16,2025-12-17 00:00:00,0001437749-25-038095,RCG,"RENN Fund, Inc.",0000919567,AMEX,,,,STAHL MURRAY,0001207097,President/Co-Portfolio Manager,false,true,true,P,18.0,2.64,47.52,10710.0,I,20766726.827630997,2.288275874885235e-06
2025-12-15,2025-12-16 00:00:00,0001437749-25-037955,RCG,"RENN Fund, Inc.",0000919567,AMEX,,,,STAHL MURRAY,0001207097,President/Co-Portfolio Manager,false,true,true,P,360.0,2.65,954.0,133334.0,D,20766726.827630997,4.593887173065055e-05
2025-12-15,2025-12-16 00:00:00,0001437749-25-037955,RCG,"RENN Fund, Inc.",0000919567,AMEX,,,,STAHL MURRAY,0001207097,President/Co-Portfolio Manager,false,true,true,P,296.0,2.65,784.4,345362.0,I,20766726.827630997,3.777196120075712e-05
2025-12-15,2025-12-16 00:00:00,0001437749-25-037955,RCG,"RENN Fund, Inc.",0000919567,AMEX,,,,STAHL MURRAY,0001207097,President/Co-Portfolio Manager,false,true,true,P,180.0,2.65,477.0,124428.0,I,20766726.827630997,2.2969435865325274e-05
2025-12-15,2025-12-16 00:00:00,0001437749-25-037955,RCG,"RENN Fund, Inc.",0000919567,AMEX,,,,STAHL MURRAY,0001207097,President/Co-Portfolio Manager,false,true,true,P,180.0,2.65,477.0,309680.0,I,20766726.827630997,2.2969435865325274e-05
2025-12-15,2025-12-16 00:00:00,0001437749-25-037955,RCG,"RENN Fund, Inc.",0000919567,AMEX,,,,STAHL MURRAY,0001207097,President/Co-Portfolio Manager,false,true,true,P,82.0,2.65,217.29999999999998,62366.0,I,20766726.827630997,1.0463854116425958e-05
2025-12-15,2025-12-16 00:00:00,0001437749-25-037955,RCG,"RENN Fund, Inc.",0000919567,AMEX,,,,STAHL MURRAY,0001207097,President/Co-Portfolio Manager,false,true,true,P,18.0,2.65,47.699999999999996,4616.0,I,20766726.827630997,2.2969435865325274e-06
2025-12-15,2025-12-16 00:00:00,0001437749-25-037955,RCG,"RENN Fund, Inc.",0000919567,AMEX,,,,STAHL MURRAY,0001207097,President/Co-Portfolio Manager,false,true,true,P,18.0,2.65,47.699999999999996,10692.0,I,20766726.827630997,2.2969435865325274e-06
2025-12-12,2025-12-15 00:00:00,0001437749-25-037796,RCG,"RENN Fund, Inc.",0000919567,AMEX,,,,STAHL MURRAY,0001207097,President/Co-Portfolio Manager,false,true,true,P,360.0,2.61,939.5999999999999,132974.0,D,20766726.827630997,4.5245454798867144e-05
2025-12-12,2025-12-15 00:00:00,0001437749-25-037796,RCG,"RENN Fund, Inc.",0000919567,AMEX,,,,STAHL MURRAY,0001207097,President/Co-Portfolio Manager,false,true,true,P,296.0,2.61,772.56,345066.0,I,20766726.827630997,3.720181839017965e-05
2025-12-12,2025-12-15 00:00:00,0001437749-25-037796,RCG,"RENN Fund, Inc.",0000919567,AMEX,,,,STAHL MURRAY,0001207097,President/Co-Portfolio Manager,false,true,true,P,180.0,2.61,469.79999999999995,309500.0,I,20766726.827630997,2.2622727399433572e-05
2025-12-12,2025-12-15 00:00:00,0001437749-25-037796,RCG,"RENN Fund, Inc.",0000919567,AMEX,,,,STAHL MURRAY,0001207097,President/Co-Portfolio Manager,false,true,true,P,180.0,2.61,469.79999999999995,124248.0,I,20766726.827630997,2.2622727399433572e-05
2025-12-12,2025-12-15 00:00:00,0001437749-25-037796,RCG,"RENN Fund, Inc.",0000919567,AMEX,,,,STAHL MURRAY,0001207097,President/Co-Portfolio Manager,false,true,true,P,82.0,2.61,214.01999999999998,62284.0,I,20766726.827630997,1.0305909148630849e-05
2025-12-12,2025-12-15 00:00:00,0001437749-25-037796,RCG,"RENN Fund, Inc.",0000919567,AMEX,,,,STAHL MURRAY,0001207097,President/Co-Portfolio Manager,false,true,true,P,18.0,2.61,46.98,4598.0,I,20766726.827630997,2.2622727399433574e-06
2025-12-12,2025-12-15 00:00:00,0001437749-25-037796,RCG,"RENN Fund, Inc.",0000919567,AMEX,,,,STAHL MURRAY,0001207097,President/Co-Portfolio Manager,false,true,true,P,18.0,2.61,46.98,10674.0,I,20766726.827630997,2.2622727399433574e-06
2025-12-11,2025-12-12 00:00:00,0001437749-25-037665,RCG,"RENN Fund, Inc.",0000919567,AMEX,,,,STAHL MURRAY,0001207097,President/Co-Portfolio Manager,false,true,true,P,360.0,2.6,936.0,132614.0,D,20766726.827630997,4.50721005659213e-05
2025-12-11,2025-12-12 00:00:00,0001437749-25-037665,RCG,"RENN Fund, Inc.",0000919567,AMEX,,,,STAHL MURRAY,0001207097,President/Co-Portfolio Manager,false,true,true,P,296.0,2.6,769.6,344770.0,I,20766726.827630997,3.705928268753529e-05
2025-12-11,2025-12-12 00:00:00,0001437749-25-037665,RCG,"RENN Fund, Inc.",0000919567,AMEX,,,,STAHL MURRAY,0001207097,President/Co-Portfolio Manager,false,true,true,P,180.0,2.6,468.0,309320.0,I,20766726.827630997,2.253605028296065e-05
2025-12-11,2025-12-12 00:00:00,0001437749-25-037665,RCG,"RENN Fund, Inc.",0000919567,AMEX,,,,STAHL MURRAY,0001207097,President/Co-Portfolio Manager,false,true,true,P,180.0,2.6,468.0,124068.0,I,20766726.827630997,2.253605028296065e-05
2025-12-11,2025-12-12 00:00:00,0001437749-25-037665,RCG,"RENN Fund, Inc.",0000919567,AMEX,,,,STAHL MURRAY,0001207097,President/Co-Portfolio Manager,false,true,true,P,82.0,2.6,213.20000000000002,62202.0,I,20766726.827630997,1.0266422906682074e-05
2025-12-11,2025-12-12 00:00:00,0001437749-25-037665,RCG,"RENN Fund, Inc.",0000919567,AMEX,,,,STAHL MURRAY,0001207097,President/Co-Portfolio Manager,false,true,true,P,18.0,2.6,46.800000000000004,10656.0,I,20766726.827630997,2.253605028296065e-06
2025-12-11,2025-12-12 00:00:00,0001437749-25-037665,RCG,"RENN Fund, Inc.",0000919567,AMEX,,,,STAHL MURRAY,0001207097,President/Co-Portfolio Manager,false,true,true,P,18.0,2.6,46.800000000000004,4580.0,I,20766726.827630997,2.253605028296065e-06
2025-12-10,2025-12-11 00:00:00,0001437749-25-037509,RCG,"RENN Fund, Inc.",0000919567,AMEX,,,,STAHL MURRAY,0001207097,President/Co-Portfolio Manager,false,true,true,P,360.0,2.61,939.5999999999999,132254.0,D,20766726.827630997,4.5245454798867144e-05
2025-12-10,2025-12-11 00:00:00,0001437749-25-037509,RCG,"RENN Fund, Inc.",0000919567,AMEX,,,,STAHL MURRAY,0001207097,President/Co-Portfolio Manager,false,true,true,P,296.0,2.61,772.56,344474.0,I,20766726.827630997,3.720181839017965e-05
2025-12-10,2025-12-11 00:00:00,0001437749-25-037509,RCG,"RENN Fund, Inc.",0000919567,AMEX,,,,STAHL MURRAY,0001207097,President/Co-Portfolio Manager,false,true,true,P,180.0,2.61,469.79999999999995,123888.0,I,20766726.827630997,2.2622727399433572e-05
2025-12-10,2025-12-11 00:00:00,0001437749-25-037509,RCG,"RENN Fund, Inc.",0000919567,AMEX,,,,STAHL MURRAY,0001207097,President/Co-Portfolio Manager,false,true,true,P,180.0,2.61,469.79999999999995,309140.0,I,20766726.827630997,2.2622727399433572e-05
2025-12-10,2025-12-11 00:00:00,0001437749-25-037509,RCG,"RENN Fund, Inc.",0000919567,AMEX,,,,STAHL MURRAY,0001207097,President/Co-Portfolio Manager,false,true,true,P,82.0,2.61,214.01999999999998,62120.0,I,20766726.827630997,1.0305909148630849e-05
2025-12-10,2025-12-11 00:00:00,0001437749-25-037509,RCG,"RENN Fund, Inc.",0000919567,AMEX,,,,STAHL MURRAY,0001207097,President/Co-Portfolio Manager,false,true,true,P,18.0,2.61,46.98,4562.0,I,20766726.827630997,2.2622727399433574e-06
2025-12-10,2025-12-11 00:00:00,0001437749-25-037509,RCG,"RENN Fund, Inc.",0000919567,AMEX,,,,STAHL MURRAY,0001207097,President/Co-Portfolio Manager,false,true,true,P,18.0,2.61,46.98,10638.0,I,20766726.827630997,2.2622727399433574e-06
2025-12-09,2025-12-10 00:00:00,0001437749-25-037347,RCG,"RENN Fund, Inc.",0000919567,AMEX,,,,STAHL MURRAY,0001207097,President/Co-Portfolio Manager,false,true,true,P,360.0,2.65,954.0,131894.0,D,20766726.827630997,4.593887173065055e-05
2025-12-09,2025-12-10 00:00:00,0001437749-25-037347,RCG,"RENN Fund, Inc.",0000919567,AMEX,,,,STAHL MURRAY,0001207097,President/Co-Portfolio Manager,false,true,true,P,296.0,2.65,784.4,344178.0,I,20766726.827630997,3.777196120075712e-05
2025-12-09,2025-12-10 00:00:00,0001437749-25-037347,RCG,"RENN Fund, Inc.",0000919567,AMEX,,,,STAHL MURRAY,0001207097,President/Co-Portfolio Manager,false,true,true,P,180.0,2.65,477.0,308960.0,I,20766726.827630997,2.2969435865325274e-05
2025-12-09,2025-12-10 00:00:00,0001437749-25-037347,RCG,"RENN Fund, Inc.",0000919567,AMEX,,,,STAHL MURRAY,0001207097,President/Co-Portfolio Manager,false,true,true,P,180.0,2.65,477.0,123708.0,I,20766726.827630997,2.2969435865325274e-05
2025-12-09,2025-12-10 00:00:00,0001437749-25-037347,RCG,"RENN Fund, Inc.",0000919567,AMEX,,,,STAHL MURRAY,0001207097,President/Co-Portfolio Manager,false,true,true,P,82.0,2.65,217.29999999999998,62038.0,I,20766726.827630997,1.0463854116425958e-05
2025-12-09,2025-12-10 00:00:00,0001437749-25-037347,RCG,"RENN Fund, Inc.",0000919567,AMEX,,,,STAHL MURRAY,0001207097,President/Co-Portfolio Manager,false,true,true,P,18.0,2.65,47.699999999999996,10620.0,I,20766726.827630997,2.2969435865325274e-06
2025-12-09,2025-12-10 00:00:00,0001437749-25-037347,RCG,"RENN Fund, Inc.",0000919567,AMEX,,,,STAHL MURRAY,0001207097,President/Co-Portfolio Manager,false,true,true,P,18.0,2.65,47.699999999999996,4544.0,I,20766726.827630997,2.2969435865325274e-06
2025-12-08,2025-12-09 00:00:00,0001437749-25-037222,RCG,"RENN Fund, Inc.",0000919567,AMEX,,,,STAHL MURRAY,0001207097,President/Co-Portfolio Manager,false,true,true,P,360.0,2.63,946.8,131534.0,D,20766726.827630997,4.559216326475885e-05
2025-12-08,2025-12-09 00:00:00,0001437749-25-037222,RCG,"RENN Fund, Inc.",0000919567,AMEX,,,,STAHL MURRAY,0001207097,President/Co-Portfolio Manager,false,true,true,P,296.0,2.63,778.48,343882.0,I,20766726.827630997,3.7486889795468385e-05
2025-12-08,2025-12-09 00:00:00,0001437749-25-037222,RCG,"RENN Fund, Inc.",0000919567,AMEX,,,,STAHL MURRAY,0001207097,President/Co-Portfolio Manager,false,true,true,P,180.0,2.63,473.4,123528.0,I,20766726.827630997,2.2796081632379425e-05
2025-12-08,2025-12-09 00:00:00,0001437749-25-037222,RCG,"RENN Fund, Inc.",0000919567,AMEX,,,,STAHL MURRAY,0001207097,President/Co-Portfolio Manager,false,true,true,P,180.0,2.63,473.4,308780.0,I,20766726.827630997,2.2796081632379425e-05
2025-12-08,2025-12-09 00:00:00,0001437749-25-037222,RCG,"RENN Fund, Inc.",0000919567,AMEX,,,,STAHL MURRAY,0001207097,President/Co-Portfolio Manager,false,true,true,P,82.0,2.63,215.66,61956.0,I,20766726.827630997,1.0384881632528405e-05
2025-12-08,2025-12-09 00:00:00,0001437749-25-037222,RCG,"RENN Fund, Inc.",0000919567,AMEX,,,,STAHL MURRAY,0001207097,President/Co-Portfolio Manager,false,true,true,P,18.0,2.63,47.339999999999996,4526.0,I,20766726.827630997,2.2796081632379424e-06
2025-12-08,2025-12-09 00:00:00,0001437749-25-037222,RCG,"RENN Fund, Inc.",0000919567,AMEX,,,,STAHL MURRAY,0001207097,President/Co-Portfolio Manager,false,true,true,P,18.0,2.63,47.339999999999996,10602.0,I,20766726.827630997,2.2796081632379424e-06
2025-12-05,2025-12-08 00:00:00,0001437749-25-037108,RCG,"RENN Fund, Inc.",0000919567,AMEX,,,,STAHL MURRAY,0001207097,President/Co-Portfolio Manager,false,true,true,P,360.0,2.65,954.0,131174.0,D,20766726.827630997,4.593887173065055e-05
2025-12-05,2025-12-08 00:00:00,0001437749-25-037108,RCG,"RENN Fund, Inc.",0000919567,AMEX,,,,STAHL MURRAY,0001207097,President/Co-Portfolio Manager,false,true,true,P,296.0,2.65,784.4,343586.0,I,20766726.827630997,3.777196120075712e-05
2025-12-05,2025-12-08 00:00:00,0001437749-25-037108,RCG,"RENN Fund, Inc.",0000919567,AMEX,,,,STAHL MURRAY,0001207097,President/Co-Portfolio Manager,false,true,true,P,180.0,2.65,477.0,123348.0,I,20766726.827630997,2.2969435865325274e-05
2025-12-05,2025-12-08 00:00:00,0001437749-25-037108,RCG,"RENN Fund, Inc.",0000919567,AMEX,,,,STAHL MURRAY,0001207097,President/Co-Portfolio Manager,false,true,true,P,180.0,2.65,477.0,308600.0,I,20766726.827630997,2.2969435865325274e-05
2025-12-05,2025-12-08 00:00:00,0001437749-25-037108,RCG,"RENN Fund, Inc.",0000919567,AMEX,,,,STAHL MURRAY,0001207097,President/Co-Portfolio Manager,false,true,true,P,82.0,2.65,217.29999999999998,61874.0,I,20766726.827630997,1.0463854116425958e-05
2025-12-05,2025-12-08 00:00:00,0001437749-25-037108,RCG,"RENN Fund, Inc.",0000919567,AMEX,,,,STAHL MURRAY,0001207097,President/Co-Portfolio Manager,false,true,true,P,18.0,2.65,47.699999999999996,4508.0,I,20766726.827630997,2.2969435865325274e-06
2025-12-05,2025-12-08 00:00:00,0001437749-25-037108,RCG,"RENN Fund, Inc.",0000919567,AMEX,,,,STAHL MURRAY,0001207097,President/Co-Portfolio Manager,false,true,true,P,18.0,2.65,47.699999999999996,10584.0,I,20766726.827630997,2.2969435865325274e-06
2025-12-04,2025-12-05 00:00:00,0001437749-25-036970,RCG,"RENN Fund, Inc.",0000919567,AMEX,,,,STAHL MURRAY,0001207097,President/Co-Portfolio Manager,false,true,true,P,360.0,2.57,925.1999999999999,130814.0,D,20766726.827630997,4.455203786708374e-05
2025-12-04,2025-12-05 00:00:00,0001437749-25-036970,RCG,"RENN Fund, Inc.",0000919567,AMEX,,,,STAHL MURRAY,0001207097,President/Co-Portfolio Manager,false,true,true,P,296.0,2.57,760.7199999999999,343290.0,I,20766726.827630997,3.6631675579602184e-05
2025-12-04,2025-12-05 00:00:00,0001437749-25-036970,RCG,"RENN Fund, Inc.",0000919567,AMEX,,,,STAHL MURRAY,0001207097,President/Co-Portfolio Manager,false,true,true,P,180.0,2.57,462.59999999999997,308420.0,I,20766726.827630997,2.227601893354187e-05
2025-12-04,2025-12-05 00:00:00,0001437749-25-036970,RCG,"RENN Fund, Inc.",0000919567,AMEX,,,,STAHL MURRAY,0001207097,President/Co-Portfolio Manager,false,true,true,P,180.0,2.57,462.59999999999997,123168.0,I,20766726.827630997,2.227601893354187e-05
2025-12-04,2025-12-05 00:00:00,0001437749-25-036970,RCG,"RENN Fund, Inc.",0000919567,AMEX,,,,STAHL MURRAY,0001207097,President/Co-Portfolio Manager,false,true,true,P,82.0,2.57,210.73999999999998,61792.0,I,20766726.827630997,1.014796418083574e-05
2025-12-04,2025-12-05 00:00:00,0001437749-25-036970,RCG,"RENN Fund, Inc.",0000919567,AMEX,,,,STAHL MURRAY,0001207097,President/Co-Portfolio Manager,false,true,true,P,18.0,2.57,46.26,10566.0,I,20766726.827630997,2.227601893354187e-06
2025-12-04,2025-12-05 00:00:00,0001437749-25-036970,RCG,"RENN Fund, Inc.",0000919567,AMEX,,,,STAHL MURRAY,0001207097,President/Co-Portfolio Manager,false,true,true,P,18.0,2.57,46.26,4490.0,I,20766726.827630997,2.227601893354187e-06
2025-12-03,2025-12-04 00:00:00,0001437749-25-036890,RCG,"RENN Fund, Inc.",0000919567,AMEX,,,,STAHL MURRAY,0001207097,President/Co-Portfolio Manager,false,true,true,P,360.0,2.6,936.0,130454.0,D,20766726.827630997,4.50721005659213e-05
2025-12-03,2025-12-04 00:00:00,0001437749-25-036890,RCG,"RENN Fund, Inc.",0000919567,AMEX,,,,STAHL MURRAY,0001207097,President/Co-Portfolio Manager,false,true,true,P,296.0,2.6,769.6,342994.0,I,20766726.827630997,3.705928268753529e-05
2025-12-03,2025-12-04 00:00:00,0001437749-25-036890,RCG,"RENN Fund, Inc.",0000919567,AMEX,,,,STAHL MURRAY,0001207097,President/Co-Portfolio Manager,false,true,true,P,180.0,2.6,468.0,122988.0,I,20766726.827630997,2.253605028296065e-05
2025-12-03,2025-12-04 00:00:00,0001437749-25-036890,RCG,"RENN Fund, Inc.",0000919567,AMEX,,,,STAHL MURRAY,0001207097,President/Co-Portfolio Manager,false,true,true,P,180.0,2.6,468.0,308240.0,I,20766726.827630997,2.253605028296065e-05
2025-12-03,2025-12-04 00:00:00,0001437749-25-036890,RCG,"RENN Fund, Inc.",0000919567,AMEX,,,,STAHL MURRAY,0001207097,President/Co-Portfolio Manager,false,true,true,P,82.0,2.6,213.20000000000002,61710.0,I,20766726.827630997,1.0266422906682074e-05
2025-12-03,2025-12-04 00:00:00,0001437749-25-036890,RCG,"RENN Fund, Inc.",0000919567,AMEX,,,,STAHL MURRAY,0001207097,President/Co-Portfolio Manager,false,true,true,P,18.0,2.6,46.800000000000004,4472.0,I,20766726.827630997,2.253605028296065e-06
2025-12-03,2025-12-04 00:00:00,0001437749-25-036890,RCG,"RENN Fund, Inc.",0000919567,AMEX,,,,STAHL MURRAY,0001207097,President/Co-Portfolio Manager,false,true,true,P,18.0,2.6,46.800000000000004,10548.0,I,20766726.827630997,2.253605028296065e-06
2025-12-02,2025-12-03 00:00:00,0001437749-25-036778,RCG,"RENN Fund, Inc.",0000919567,AMEX,,,,STAHL MURRAY,0001207097,President/Co-Portfolio Manager,false,true,true,P,360.0,2.55,917.9999999999999,130094.0,D,20766726.827630997,4.4205329401192034e-05
2025-12-02,2025-12-03 00:00:00,0001437749-25-036778,RCG,"RENN Fund, Inc.",0000919567,AMEX,,,,STAHL MURRAY,0001207097,President/Co-Portfolio Manager,false,true,true,P,296.0,2.55,754.8,342698.0,I,20766726.827630997,3.634660417431345e-05
2025-12-02,2025-12-03 00:00:00,0001437749-25-036778,RCG,"RENN Fund, Inc.",0000919567,AMEX,,,,STAHL MURRAY,0001207097,President/Co-Portfolio Manager,false,true,true,P,180.0,2.55,458.99999999999994,308060.0,I,20766726.827630997,2.2102664700596017e-05
2025-12-02,2025-12-03 00:00:00,0001437749-25-036778,RCG,"RENN Fund, Inc.",0000919567,AMEX,,,,STAHL MURRAY,0001207097,President/Co-Portfolio Manager,false,true,true,P,180.0,2.55,458.99999999999994,122808.0,I,20766726.827630997,2.2102664700596017e-05
2025-12-02,2025-12-03 00:00:00,0001437749-25-036778,RCG,"RENN Fund, Inc.",0000919567,AMEX,,,,STAHL MURRAY,0001207097,President/Co-Portfolio Manager,false,true,true,P,82.0,2.55,209.1,61628.0,I,20766726.827630997,1.0068991696938187e-05
2025-12-02,2025-12-03 00:00:00,0001437749-25-036778,RCG,"RENN Fund, Inc.",0000919567,AMEX,,,,STAHL MURRAY,0001207097,President/Co-Portfolio Manager,false,true,true,P,18.0,2.55,45.9,4454.0,I,20766726.827630997,2.210266470059602e-06
2025-12-02,2025-12-03 00:00:00,0001437749-25-036778,RCG,"RENN Fund, Inc.",0000919567,AMEX,,,,STAHL MURRAY,0001207097,President/Co-Portfolio Manager,false,true,true,P,18.0,2.55,45.9,10530.0,I,20766726.827630997,2.210266470059602e-06
2025-12-01,2025-12-02 00:00:00,0001437749-25-036641,RCG,"RENN Fund, Inc.",0000919567,AMEX,,,,STAHL MURRAY,0001207097,President/Co-Portfolio Manager,false,true,true,P,360.0,2.52,907.2,129734.0,D,20766726.827630997,4.368526670235449e-05
2025-12-01,2025-12-02 00:00:00,0001437749-25-036641,RCG,"RENN Fund, Inc.",0000919567,AMEX,,,,STAHL MURRAY,0001207097,President/Co-Portfolio Manager,false,true,true,P,296.0,2.52,745.92,342402.0,I,20766726.827630997,3.591899706638035e-05
2025-12-01,2025-12-02 00:00:00,0001437749-25-036641,RCG,"RENN Fund, Inc.",0000919567,AMEX,,,,STAHL MURRAY,0001207097,President/Co-Portfolio Manager,false,true,true,P,180.0,2.52,453.6,307880.0,I,20766726.827630997,2.1842633351177244e-05
2025-12-01,2025-12-02 00:00:00,0001437749-25-036641,RCG,"RENN Fund, Inc.",0000919567,AMEX,,,,STAHL MURRAY,0001207097,President/Co-Portfolio Manager,false,true,true,P,180.0,2.52,453.6,122628.0,I,20766726.827630997,2.1842633351177244e-05
2025-12-01,2025-12-02 00:00:00,0001437749-25-036641,RCG,"RENN Fund, Inc.",0000919567,AMEX,,,,STAHL MURRAY,0001207097,President/Co-Portfolio Manager,false,true,true,P,82.0,2.52,206.64000000000001,61546.0,I,20766726.827630997,9.950532971091856e-06
2025-12-01,2025-12-02 00:00:00,0001437749-25-036641,RCG,"RENN Fund, Inc.",0000919567,AMEX,,,,STAHL MURRAY,0001207097,President/Co-Portfolio Manager,false,true,true,P,18.0,2.52,45.36,4436.0,I,20766726.827630997,2.184263335117724e-06
2025-12-01,2025-12-02 00:00:00,0001437749-25-036641,RCG,"RENN Fund, Inc.",0000919567,AMEX,,,,STAHL MURRAY,0001207097,President/Co-Portfolio Manager,false,true,true,P,18.0,2.52,45.36,10512.0,I,20766726.827630997,2.184263335117724e-06
2025-11-28,2025-12-01 00:00:00,0001437749-25-036523,RCG,"RENN Fund, Inc.",0000919567,AMEX,,,,STAHL MURRAY,0001207097,President/Co-Portfolio Manager,false,true,true,P,360.0,2.59,932.4,129374.0,D,20766726.827630997,4.4898746332975445e-05
2025-11-28,2025-12-01 00:00:00,0001437749-25-036523,RCG,"RENN Fund, Inc.",0000919567,AMEX,,,,STAHL MURRAY,0001207097,President/Co-Portfolio Manager,false,true,true,P,296.0,2.59,766.64,342106.0,I,20766726.827630997,3.691674698489092e-05
2025-11-28,2025-12-01 00:00:00,0001437749-25-036523,RCG,"RENN Fund, Inc.",0000919567,AMEX,,,,STAHL MURRAY,0001207097,President/Co-Portfolio Manager,false,true,true,P,180.0,2.59,466.2,307700.0,I,20766726.827630997,2.2449373166487722e-05
2025-11-28,2025-12-01 00:00:00,0001437749-25-036523,RCG,"RENN Fund, Inc.",0000919567,AMEX,,,,STAHL MURRAY,0001207097,President/Co-Portfolio Manager,false,true,true,P,180.0,2.59,466.2,122448.0,I,20766726.827630997,2.2449373166487722e-05
2025-11-28,2025-12-01 00:00:00,0001437749-25-036523,RCG,"RENN Fund, Inc.",0000919567,AMEX,,,,STAHL MURRAY,0001207097,President/Co-Portfolio Manager,false,true,true,P,82.0,2.59,212.38,61464.0,I,20766726.827630997,1.0226936664733295e-05
2025-11-28,2025-12-01 00:00:00,0001437749-25-036523,RCG,"RENN Fund, Inc.",0000919567,AMEX,,,,STAHL MURRAY,0001207097,President/Co-Portfolio Manager,false,true,true,P,18.0,2.59,46.62,10494.0,I,20766726.827630997,2.244937316648772e-06
2025-11-28,2025-12-01 00:00:00,0001437749-25-036523,RCG,"RENN Fund, Inc.",0000919567,AMEX,,,,STAHL MURRAY,0001207097,President/Co-Portfolio Manager,false,true,true,P,18.0,2.59,46.62,4418.0,I,20766726.827630997,2.244937316648772e-06
2025-11-26,2025-11-28 00:00:00,0001437749-25-036485,RCG,"RENN Fund, Inc.",0000919567,AMEX,,,,STAHL MURRAY,0001207097,President/Co-Portfolio Manager,false,true,true,P,360.0,2.55,917.9999999999999,129014.0,D,20766726.827630997,4.4205329401192034e-05
2025-11-26,2025-11-28 00:00:00,0001437749-25-036485,RCG,"RENN Fund, Inc.",0000919567,AMEX,,,,STAHL MURRAY,0001207097,President/Co-Portfolio Manager,false,true,true,P,296.0,2.55,754.8,341810.0,I,20766726.827630997,3.634660417431345e-05
2025-11-26,2025-11-28 00:00:00,0001437749-25-036485,RCG,"RENN Fund, Inc.",0000919567,AMEX,,,,STAHL MURRAY,0001207097,President/Co-Portfolio Manager,false,true,true,P,180.0,2.55,458.99999999999994,307520.0,I,20766726.827630997,2.2102664700596017e-05
2025-11-26,2025-11-28 00:00:00,0001437749-25-036485,RCG,"RENN Fund, Inc.",0000919567,AMEX,,,,STAHL MURRAY,0001207097,President/Co-Portfolio Manager,false,true,true,P,180.0,2.55,458.99999999999994,122268.0,I,20766726.827630997,2.2102664700596017e-05
2025-11-26,2025-11-28 00:00:00,0001437749-25-036485,RCG,"RENN Fund, Inc.",0000919567,AMEX,,,,STAHL MURRAY,0001207097,President/Co-Portfolio Manager,false,true,true,P,82.0,2.55,209.1,61382.0,I,20766726.827630997,1.0068991696938187e-05
2025-11-26,2025-11-28 00:00:00,0001437749-25-036485,RCG,"RENN Fund, Inc.",0000919567,AMEX,,,,STAHL MURRAY,0001207097,President/Co-Portfolio Manager,false,true,true,P,18.0,2.55,45.9,10476.0,I,20766726.827630997,2.210266470059602e-06
2025-11-26,2025-11-28 00:00:00,0001437749-25-036485,RCG,"RENN Fund, Inc.",0000919567,AMEX,,,,STAHL MURRAY,0001207097,President/Co-Portfolio Manager,false,true,true,P,18.0,2.55,45.9,4400.0,I,20766726.827630997,2.210266470059602e-06
2025-11-25,2025-11-26 00:00:00,0001437749-25-036408,RCG,"RENN Fund, Inc.",0000919567,AMEX,,,,STAHL MURRAY,0001207097,President/Co-Portfolio Manager,false,true,true,P,360.0,2.64,950.4000000000001,128654.0,D,20766726.827630997,4.57655174977047e-05
2025-11-25,2025-11-26 00:00:00,0001437749-25-036408,RCG,"RENN Fund, Inc.",0000919567,AMEX,,,,STAHL MURRAY,0001207097,President/Co-Portfolio Manager,false,true,true,P,296.0,2.64,781.44,341514.0,I,20766726.827630997,3.762942549811276e-05
2025-11-25,2025-11-26 00:00:00,0001437749-25-036408,RCG,"RENN Fund, Inc.",0000919567,AMEX,,,,STAHL MURRAY,0001207097,President/Co-Portfolio Manager,false,true,true,P,180.0,2.64,475.20000000000005,122088.0,I,20766726.827630997,2.288275874885235e-05
2025-11-25,2025-11-26 00:00:00,0001437749-25-036408,RCG,"RENN Fund, Inc.",0000919567,AMEX,,,,STAHL MURRAY,0001207097,President/Co-Portfolio Manager,false,true,true,P,180.0,2.64,475.20000000000005,307340.0,I,20766726.827630997,2.288275874885235e-05
2025-11-25,2025-11-26 00:00:00,0001437749-25-036408,RCG,"RENN Fund, Inc.",0000919567,AMEX,,,,STAHL MURRAY,0001207097,President/Co-Portfolio Manager,false,true,true,P,82.0,2.64,216.48000000000002,61300.0,I,20766726.827630997,1.0424367874477182e-05
2025-11-25,2025-11-26 00:00:00,0001437749-25-036408,RCG,"RENN Fund, Inc.",0000919567,AMEX,,,,STAHL MURRAY,0001207097,President/Co-Portfolio Manager,false,true,true,P,18.0,2.64,47.52,4382.0,I,20766726.827630997,2.288275874885235e-06
2025-11-25,2025-11-26 00:00:00,0001437749-25-036408,RCG,"RENN Fund, Inc.",0000919567,AMEX,,,,STAHL MURRAY,0001207097,President/Co-Portfolio Manager,false,true,true,P,18.0,2.64,47.52,10458.0,I,20766726.827630997,2.288275874885235e-06
2025-11-24,2025-11-25 00:00:00,0001437749-25-036295,RCG,"RENN Fund, Inc.",0000919567,AMEX,,,,STAHL MURRAY,0001207097,President/Co-Portfolio Manager,false,true,true,P,360.0,2.65,954.0,128294.0,D,20766726.827630997,4.593887173065055e-05
2025-11-24,2025-11-25 00:00:00,0001437749-25-036295,RCG,"RENN Fund, Inc.",0000919567,AMEX,,,,STAHL MURRAY,0001207097,President/Co-Portfolio Manager,false,true,true,P,296.0,2.65,784.4,341218.0,I,20766726.827630997,3.777196120075712e-05
2025-11-24,2025-11-25 00:00:00,0001437749-25-036295,RCG,"RENN Fund, Inc.",0000919567,AMEX,,,,STAHL MURRAY,0001207097,President/Co-Portfolio Manager,false,true,true,P,180.0,2.65,477.0,307160.0,I,20766726.827630997,2.2969435865325274e-05
2025-11-24,2025-11-25 00:00:00,0001437749-25-036295,RCG,"RENN Fund, Inc.",0000919567,AMEX,,,,STAHL MURRAY,0001207097,President/Co-Portfolio Manager,false,true,true,P,180.0,2.65,477.0,121908.0,I,20766726.827630997,2.2969435865325274e-05
2025-11-24,2025-11-25 00:00:00,0001437749-25-036295,RCG,"RENN Fund, Inc.",0000919567,AMEX,,,,STAHL MURRAY,0001207097,President/Co-Portfolio Manager,false,true,true,P,82.0,2.65,217.29999999999998,61218.0,I,20766726.827630997,1.0463854116425958e-05
2025-11-24,2025-11-25 00:00:00,0001437749-25-036295,RCG,"RENN Fund, Inc.",0000919567,AMEX,,,,STAHL MURRAY,0001207097,President/Co-Portfolio Manager,false,true,true,P,18.0,2.65,47.699999999999996,4364.0,I,20766726.827630997,2.2969435865325274e-06
2025-11-24,2025-11-25 00:00:00,0001437749-25-036295,RCG,"RENN Fund, Inc.",0000919567,AMEX,,,,STAHL MURRAY,0001207097,President/Co-Portfolio Manager,false,true,true,P,18.0,2.65,47.699999999999996,10440.0,I,20766726.827630997,2.2969435865325274e-06
2025-11-21,2025-11-24 00:00:00,0001437749-25-036102,RCG,"RENN Fund, Inc.",0000919567,AMEX,,,,STAHL MURRAY,0001207097,President/Co-Portfolio Manager,false,true,true,P,360.0,2.64,950.4000000000001,127934.0,D,20766726.827630997,4.57655174977047e-05
2025-11-21,2025-11-24 00:00:00,0001437749-25-036102,RCG,"RENN Fund, Inc.",0000919567,AMEX,,,,STAHL MURRAY,0001207097,President/Co-Portfolio Manager,false,true,true,P,296.0,2.64,781.44,340922.0,I,20766726.827630997,3.762942549811276e-05
2025-11-21,2025-11-24 00:00:00,0001437749-25-036102,RCG,"RENN Fund, Inc.",0000919567,AMEX,,,,STAHL MURRAY,0001207097,President/Co-Portfolio Manager,false,true,true,P,180.0,2.64,475.20000000000005,121728.0,I,20766726.827630997,2.288275874885235e-05
2025-11-21,2025-11-24 00:00:00,0001437749-25-036102,RCG,"RENN Fund, Inc.",0000919567,AMEX,,,,STAHL MURRAY,0001207097,President/Co-Portfolio Manager,false,true,true,P,180.0,2.64,475.20000000000005,306980.0,I,20766726.827630997,2.288275874885235e-05
2025-11-21,2025-11-24 00:00:00,0001437749-25-036102,RCG,"RENN Fund, Inc.",0000919567,AMEX,,,,STAHL MURRAY,0001207097,President/Co-Portfolio Manager,false,true,true,P,82.0,2.64,216.48000000000002,61136.0,I,20766726.827630997,1.0424367874477182e-05
2025-11-21,2025-11-24 00:00:00,0001437749-25-036102,RCG,"RENN Fund, Inc.",0000919567,AMEX,,,,STAHL MURRAY,0001207097,President/Co-Portfolio Manager,false,true,true,P,18.0,2.64,47.52,4346.0,I,20766726.827630997,2.288275874885235e-06
2025-11-21,2025-11-24 00:00:00,0001437749-25-036102,RCG,"RENN Fund, Inc.",0000919567,AMEX,,,,STAHL MURRAY,0001207097,President/Co-Portfolio Manager,false,true,true,P,18.0,2.64,47.52,10422.0,I,20766726.827630997,2.288275874885235e-06
2025-11-20,2025-11-21 00:00:00,0001437749-25-035954,RCG,"RENN Fund, Inc.",0000919567,AMEX,,,,STAHL MURRAY,0001207097,President/Co-Portfolio Manager,false,true,true,P,360.0,2.66,957.6,127574.0,D,20766726.827630997,4.61122259635964e-05
2025-11-20,2025-11-21 00:00:00,0001437749-25-035954,RCG,"RENN Fund, Inc.",0000919567,AMEX,,,,STAHL MURRAY,0001207097,President/Co-Portfolio Manager,false,true,true,P,296.0,2.66,787.36,340626.0,I,20766726.827630997,3.7914496903401486e-05
2025-11-20,2025-11-21 00:00:00,0001437749-25-035954,RCG,"RENN Fund, Inc.",0000919567,AMEX,,,,STAHL MURRAY,0001207097,President/Co-Portfolio Manager,false,true,true,P,180.0,2.66,478.8,306800.0,I,20766726.827630997,2.30561129817982e-05
2025-11-20,2025-11-21 00:00:00,0001437749-25-035954,RCG,"RENN Fund, Inc.",0000919567,AMEX,,,,STAHL MURRAY,0001207097,President/Co-Portfolio Manager,false,true,true,P,180.0,2.66,478.8,121548.0,I,20766726.827630997,2.30561129817982e-05
2025-11-20,2025-11-21 00:00:00,0001437749-25-035954,RCG,"RENN Fund, Inc.",0000919567,AMEX,,,,STAHL MURRAY,0001207097,President/Co-Portfolio Manager,false,true,true,P,82.0,2.66,218.12,61054.0,I,20766726.827630997,1.0503340358374737e-05
2025-11-20,2025-11-21 00:00:00,0001437749-25-035954,RCG,"RENN Fund, Inc.",0000919567,AMEX,,,,STAHL MURRAY,0001207097,President/Co-Portfolio Manager,false,true,true,P,18.0,2.66,47.88,4328.0,I,20766726.827630997,2.30561129817982e-06
2025-11-20,2025-11-21 00:00:00,0001437749-25-035954,RCG,"RENN Fund, Inc.",0000919567,AMEX,,,,STAHL MURRAY,0001207097,President/Co-Portfolio Manager,false,true,true,P,18.0,2.66,47.88,10404.0,I,20766726.827630997,2.30561129817982e-06
2025-11-19,2025-11-20 00:00:00,0001437749-25-035822,RCG,"RENN Fund, Inc.",0000919567,AMEX,,,,STAHL MURRAY,0001207097,President/Co-Portfolio Manager,false,true,true,P,360.0,2.66,957.6,127214.0,D,20766726.827630997,4.61122259635964e-05
2025-11-19,2025-11-20 00:00:00,0001437749-25-035822,RCG,"RENN Fund, Inc.",0000919567,AMEX,,,,STAHL MURRAY,0001207097,President/Co-Portfolio Manager,false,true,true,P,296.0,2.66,787.36,340330.0,I,20766726.827630997,3.7914496903401486e-05
2025-11-19,2025-11-20 00:00:00,0001437749-25-035822,RCG,"RENN Fund, Inc.",0000919567,AMEX,,,,STAHL MURRAY,0001207097,President/Co-Portfolio Manager,false,true,true,P,180.0,2.66,478.8,306620.0,I,20766726.827630997,2.30561129817982e-05
2025-11-19,2025-11-20 00:00:00,0001437749-25-035822,RCG,"RENN Fund, Inc.",0000919567,AMEX,,,,STAHL MURRAY,0001207097,President/Co-Portfolio Manager,false,true,true,P,180.0,2.66,478.8,121368.0,I,20766726.827630997,2.30561129817982e-05
2025-11-19,2025-11-20 00:00:00,0001437749-25-035822,RCG,"RENN Fund, Inc.",0000919567,AMEX,,,,STAHL MURRAY,0001207097,President/Co-Portfolio Manager,false,true,true,P,82.0,2.66,218.12,60972.0,I,20766726.827630997,1.0503340358374737e-05
2025-11-19,2025-11-20 00:00:00,0001437749-25-035822,RCG,"RENN Fund, Inc.",0000919567,AMEX,,,,STAHL MURRAY,0001207097,President/Co-Portfolio Manager,false,true,true,P,18.0,2.66,47.88,10386.0,I,20766726.827630997,2.30561129817982e-06
2025-11-19,2025-11-20 00:00:00,0001437749-25-035822,RCG,"RENN Fund, Inc.",0000919567,AMEX,,,,STAHL MURRAY,0001207097,President/Co-Portfolio Manager,false,true,true,P,18.0,2.66,47.88,4310.0,I,20766726.827630997,2.30561129817982e-06
2025-11-18,2025-11-19 00:00:00,0001437749-25-035668,RCG,"RENN Fund, Inc.",0000919567,AMEX,,,,STAHL MURRAY,0001207097,President/Co-Portfolio Manager,false,true,true,P,360.0,2.68,964.8000000000001,126854.0,D,20766726.827630997,4.6458934429488106e-05
2025-11-18,2025-11-19 00:00:00,0001437749-25-035668,RCG,"RENN Fund, Inc.",0000919567,AMEX,,,,STAHL MURRAY,0001207097,President/Co-Portfolio Manager,false,true,true,P,296.0,2.68,793.2800000000001,340034.0,I,20766726.827630997,3.8199568308690226e-05
2025-11-18,2025-11-19 00:00:00,0001437749-25-035668,RCG,"RENN Fund, Inc.",0000919567,AMEX,,,,STAHL MURRAY,0001207097,President/Co-Portfolio Manager,false,true,true,P,180.0,2.68,482.40000000000003,121188.0,I,20766726.827630997,2.3229467214744053e-05
2025-11-18,2025-11-19 00:00:00,0001437749-25-035668,RCG,"RENN Fund, Inc.",0000919567,AMEX,,,,STAHL MURRAY,0001207097,President/Co-Portfolio Manager,false,true,true,P,180.0,2.68,482.40000000000003,306440.0,I,20766726.827630997,2.3229467214744053e-05
2025-11-18,2025-11-19 00:00:00,0001437749-25-035668,RCG,"RENN Fund, Inc.",0000919567,AMEX,,,,STAHL MURRAY,0001207097,President/Co-Portfolio Manager,false,true,true,P,82.0,2.68,219.76000000000002,60890.0,I,20766726.827630997,1.0582312842272292e-05
2025-11-18,2025-11-19 00:00:00,0001437749-25-035668,RCG,"RENN Fund, Inc.",0000919567,AMEX,,,,STAHL MURRAY,0001207097,President/Co-Portfolio Manager,false,true,true,P,18.0,2.68,48.24,4292.0,I,20766726.827630997,2.322946721474405e-06
2025-11-18,2025-11-19 00:00:00,0001437749-25-035668,RCG,"RENN Fund, Inc.",0000919567,AMEX,,,,STAHL MURRAY,0001207097,President/Co-Portfolio Manager,false,true,true,P,18.0,2.68,48.24,10368.0,I,20766726.827630997,2.322946721474405e-06
2025-11-17,2025-11-18 00:00:00,0001437749-25-035550,RCG,"RENN Fund, Inc.",0000919567,AMEX,,,,STAHL MURRAY,0001207097,President/Co-Portfolio Manager,false,true,true,P,360.0,2.71,975.6,126494.0,D,20766726.827630997,4.697899712832566e-05
2025-11-17,2025-11-18 00:00:00,0001437749-25-035550,RCG,"RENN Fund, Inc.",0000919567,AMEX,,,,STAHL MURRAY,0001207097,President/Co-Portfolio Manager,false,true,true,P,296.0,2.71,802.16,339738.0,I,20766726.827630997,3.862717541662332e-05
2025-11-17,2025-11-18 00:00:00,0001437749-25-035550,RCG,"RENN Fund, Inc.",0000919567,AMEX,,,,STAHL MURRAY,0001207097,President/Co-Portfolio Manager,false,true,true,P,180.0,2.71,487.8,121008.0,I,20766726.827630997,2.348949856416283e-05
2025-11-17,2025-11-18 00:00:00,0001437749-25-035550,RCG,"RENN Fund, Inc.",0000919567,AMEX,,,,STAHL MURRAY,0001207097,President/Co-Portfolio Manager,false,true,true,P,180.0,2.71,487.8,306260.0,I,20766726.827630997,2.348949856416283e-05
2025-11-17,2025-11-18 00:00:00,0001437749-25-035550,RCG,"RENN Fund, Inc.",0000919567,AMEX,,,,STAHL MURRAY,0001207097,President/Co-Portfolio Manager,false,true,true,P,82.0,2.71,222.22,60808.0,I,20766726.827630997,1.0700771568118621e-05
2025-11-17,2025-11-18 00:00:00,0001437749-25-035550,RCG,"RENN Fund, Inc.",0000919567,AMEX,,,,STAHL MURRAY,0001207097,President/Co-Portfolio Manager,false,true,true,P,18.0,2.71,48.78,4274.0,I,20766726.827630997,2.348949856416283e-06
2025-11-17,2025-11-18 00:00:00,0001437749-25-035550,RCG,"RENN Fund, Inc.",0000919567,AMEX,,,,STAHL MURRAY,0001207097,President/Co-Portfolio Manager,false,true,true,P,18.0,2.71,48.78,10350.0,I,20766726.827630997,2.348949856416283e-06
2025-11-14,2025-11-17 00:00:00,0001437749-25-035324,RCG,"RENN Fund, Inc.",0000919567,AMEX,,,,STAHL MURRAY,0001207097,President/Co-Portfolio Manager,false,true,true,P,360.0,2.66,957.6,126134.0,D,20766726.827630997,4.61122259635964e-05
2025-11-14,2025-11-17 00:00:00,0001437749-25-035324,RCG,"RENN Fund, Inc.",0000919567,AMEX,,,,STAHL MURRAY,0001207097,President/Co-Portfolio Manager,false,true,true,P,296.0,2.66,787.36,339442.0,I,20766726.827630997,3.7914496903401486e-05
2025-11-14,2025-11-17 00:00:00,0001437749-25-035324,RCG,"RENN Fund, Inc.",0000919567,AMEX,,,,STAHL MURRAY,0001207097,President/Co-Portfolio Manager,false,true,true,P,180.0,2.66,478.8,120828.0,I,20766726.827630997,2.30561129817982e-05
2025-11-14,2025-11-17 00:00:00,0001437749-25-035324,RCG,"RENN Fund, Inc.",0000919567,AMEX,,,,STAHL MURRAY,0001207097,President/Co-Portfolio Manager,false,true,true,P,180.0,2.66,478.8,306080.0,I,20766726.827630997,2.30561129817982e-05
2025-11-14,2025-11-17 00:00:00,0001437749-25-035324,RCG,"RENN Fund, Inc.",0000919567,AMEX,,,,STAHL MURRAY,0001207097,President/Co-Portfolio Manager,false,true,true,P,82.0,2.66,218.12,60726.0,I,20766726.827630997,1.0503340358374737e-05
2025-11-14,2025-11-17 00:00:00,0001437749-25-035324,RCG,"RENN Fund, Inc.",0000919567,AMEX,,,,STAHL MURRAY,0001207097,President/Co-Portfolio Manager,false,true,true,P,18.0,2.66,47.88,4256.0,I,20766726.827630997,2.30561129817982e-06
2025-11-14,2025-11-17 00:00:00,0001437749-25-035324,RCG,"RENN Fund, Inc.",0000919567,AMEX,,,,STAHL MURRAY,0001207097,President/Co-Portfolio Manager,false,true,true,P,18.0,2.66,47.88,10332.0,I,20766726.827630997,2.30561129817982e-06
2025-11-13,2025-11-14 00:00:00,0001437749-25-035063,RCG,"RENN Fund, Inc.",0000919567,AMEX,,,,STAHL MURRAY,0001207097,President/Co-Portfolio Manager,false,true,true,P,360.0,2.66,957.6,125774.0,D,20766726.827630997,4.61122259635964e-05
2025-11-13,2025-11-14 00:00:00,0001437749-25-035063,RCG,"RENN Fund, Inc.",0000919567,AMEX,,,,STAHL MURRAY,0001207097,President/Co-Portfolio Manager,false,true,true,P,296.0,2.66,787.36,339146.0,I,20766726.827630997,3.7914496903401486e-05
2025-11-13,2025-11-14 00:00:00,0001437749-25-035063,RCG,"RENN Fund, Inc.",0000919567,AMEX,,,,STAHL MURRAY,0001207097,President/Co-Portfolio Manager,false,true,true,P,180.0,2.66,478.8,120648.0,I,20766726.827630997,2.30561129817982e-05
2025-11-13,2025-11-14 00:00:00,0001437749-25-035063,RCG,"RENN Fund, Inc.",0000919567,AMEX,,,,STAHL MURRAY,0001207097,President/Co-Portfolio Manager,false,true,true,P,180.0,2.66,478.8,305900.0,I,20766726.827630997,2.30561129817982e-05
2025-11-13,2025-11-14 00:00:00,0001437749-25-035063,RCG,"RENN Fund, Inc.",0000919567,AMEX,,,,STAHL MURRAY,0001207097,President/Co-Portfolio Manager,false,true,true,P,82.0,2.66,218.12,60644.0,I,20766726.827630997,1.0503340358374737e-05
2025-11-13,2025-11-14 00:00:00,0001437749-25-035063,RCG,"RENN Fund, Inc.",0000919567,AMEX,,,,STAHL MURRAY,0001207097,President/Co-Portfolio Manager,false,true,true,P,18.0,2.66,47.88,4238.0,I,20766726.827630997,2.30561129817982e-06
2025-11-13,2025-11-14 00:00:00,0001437749-25-035063,RCG,"RENN Fund, Inc.",0000919567,AMEX,,,,STAHL MURRAY,0001207097,President/Co-Portfolio Manager,false,true,true,P,18.0,2.66,47.88,10314.0,I,20766726.827630997,2.30561129817982e-06
2025-11-12,2025-11-13 00:00:00,0001437749-25-034705,RCG,"RENN Fund, Inc.",0000919567,AMEX,,,,STAHL MURRAY,0001207097,President/Co-Portfolio Manager,false,true,true,P,360.0,2.65,954.0,125414.0,D,20766726.827630997,4.593887173065055e-05
2025-11-12,2025-11-13 00:00:00,0001437749-25-034705,RCG,"RENN Fund, Inc.",0000919567,AMEX,,,,STAHL MURRAY,0001207097,President/Co-Portfolio Manager,false,true,true,P,296.0,2.65,784.4,338850.0,I,20766726.827630997,3.777196120075712e-05
2025-11-12,2025-11-13 00:00:00,0001437749-25-034705,RCG,"RENN Fund, Inc.",0000919567,AMEX,,,,STAHL MURRAY,0001207097,President/Co-Portfolio Manager,false,true,true,P,180.0,2.65,477.0,305720.0,I,20766726.827630997,2.2969435865325274e-05
2025-11-12,2025-11-13 00:00:00,0001437749-25-034705,RCG,"RENN Fund, Inc.",0000919567,AMEX,,,,STAHL MURRAY,0001207097,President/Co-Portfolio Manager,false,true,true,P,180.0,2.65,477.0,120468.0,I,20766726.827630997,2.2969435865325274e-05
2025-11-12,2025-11-13 00:00:00,0001437749-25-034705,RCG,"RENN Fund, Inc.",0000919567,AMEX,,,,STAHL MURRAY,0001207097,President/Co-Portfolio Manager,false,true,true,P,82.0,2.65,217.29999999999998,60562.0,I,20766726.827630997,1.0463854116425958e-05
2025-11-12,2025-11-13 00:00:00,0001437749-25-034705,RCG,"RENN Fund, Inc.",0000919567,AMEX,,,,STAHL MURRAY,0001207097,President/Co-Portfolio Manager,false,true,true,P,18.0,2.65,47.699999999999996,4220.0,I,20766726.827630997,2.2969435865325274e-06
2025-11-12,2025-11-13 00:00:00,0001437749-25-034705,RCG,"RENN Fund, Inc.",0000919567,AMEX,,,,STAHL MURRAY,0001207097,President/Co-Portfolio Manager,false,true,true,P,18.0,2.65,47.699999999999996,10296.0,I,20766726.827630997,2.2969435865325274e-06
2025-11-11,2025-11-12 00:00:00,0001437749-25-034332,RCG,"RENN Fund, Inc.",0000919567,AMEX,,,,STAHL MURRAY,0001207097,President/Co-Portfolio Manager,false,true,true,P,360.0,2.63,946.8,125054.0,D,20766726.827630997,4.559216326475885e-05
2025-11-11,2025-11-12 00:00:00,0001437749-25-034332,RCG,"RENN Fund, Inc.",0000919567,AMEX,,,,STAHL MURRAY,0001207097,President/Co-Portfolio Manager,false,true,true,P,296.0,2.63,778.48,338554.0,I,20766726.827630997,3.7486889795468385e-05
2025-11-11,2025-11-12 00:00:00,0001437749-25-034332,RCG,"RENN Fund, Inc.",0000919567,AMEX,,,,STAHL MURRAY,0001207097,President/Co-Portfolio Manager,false,true,true,P,180.0,2.63,473.4,305540.0,I,20766726.827630997,2.2796081632379425e-05
2025-11-11,2025-11-12 00:00:00,0001437749-25-034332,RCG,"RENN Fund, Inc.",0000919567,AMEX,,,,STAHL MURRAY,0001207097,President/Co-Portfolio Manager,false,true,true,P,180.0,2.63,473.4,120288.0,I,20766726.827630997,2.2796081632379425e-05
2025-11-11,2025-11-12 00:00:00,0001437749-25-034332,RCG,"RENN Fund, Inc.",0000919567,AMEX,,,,STAHL MURRAY,0001207097,President/Co-Portfolio Manager,false,true,true,P,82.0,2.63,215.66,60480.0,I,20766726.827630997,1.0384881632528405e-05
2025-11-11,2025-11-12 00:00:00,0001437749-25-034332,RCG,"RENN Fund, Inc.",0000919567,AMEX,,,,STAHL MURRAY,0001207097,President/Co-Portfolio Manager,false,true,true,P,18.0,2.63,47.339999999999996,10278.0,I,20766726.827630997,2.2796081632379424e-06
2025-11-11,2025-11-12 00:00:00,0001437749-25-034332,RCG,"RENN Fund, Inc.",0000919567,AMEX,,,,STAHL MURRAY,0001207097,President/Co-Portfolio Manager,false,true,true,P,18.0,2.63,47.339999999999996,4202.0,I,20766726.827630997,2.2796081632379424e-06
2025-11-10,2025-11-12 00:00:00,0001437749-25-034332,RCG,"RENN Fund, Inc.",0000919567,AMEX,,,,STAHL MURRAY,0001207097,President/Co-Portfolio Manager,false,true,true,P,360.0,2.62,943.2,124694.0,D,20766726.827630997,4.5418809031813e-05
2025-11-10,2025-11-12 00:00:00,0001437749-25-034332,RCG,"RENN Fund, Inc.",0000919567,AMEX,,,,STAHL MURRAY,0001207097,President/Co-Portfolio Manager,false,true,true,P,296.0,2.62,775.52,338258.0,I,20766726.827630997,3.734435409282402e-05
2025-11-10,2025-11-12 00:00:00,0001437749-25-034332,RCG,"RENN Fund, Inc.",0000919567,AMEX,,,,STAHL MURRAY,0001207097,President/Co-Portfolio Manager,false,true,true,P,180.0,2.62,471.6,305360.0,I,20766726.827630997,2.27094045159065e-05
2025-11-10,2025-11-12 00:00:00,0001437749-25-034332,RCG,"RENN Fund, Inc.",0000919567,AMEX,,,,STAHL MURRAY,0001207097,President/Co-Portfolio Manager,false,true,true,P,180.0,2.62,471.6,120108.0,I,20766726.827630997,2.27094045159065e-05
2025-11-10,2025-11-12 00:00:00,0001437749-25-034332,RCG,"RENN Fund, Inc.",0000919567,AMEX,,,,STAHL MURRAY,0001207097,President/Co-Portfolio Manager,false,true,true,P,82.0,2.62,214.84,60398.0,I,20766726.827630997,1.0345395390579627e-05
2025-11-10,2025-11-12 00:00:00,0001437749-25-034332,RCG,"RENN Fund, Inc.",0000919567,AMEX,,,,STAHL MURRAY,0001207097,President/Co-Portfolio Manager,false,true,true,P,18.0,2.62,47.160000000000004,4184.0,I,20766726.827630997,2.27094045159065e-06
2025-11-10,2025-11-12 00:00:00,0001437749-25-034332,RCG,"RENN Fund, Inc.",0000919567,AMEX,,,,STAHL MURRAY,0001207097,President/Co-Portfolio Manager,false,true,true,P,18.0,2.62,47.160000000000004,10260.0,I,20766726.827630997,2.27094045159065e-06
2025-11-07,2025-11-10 00:00:00,0001437749-25-034028,RCG,"RENN Fund, Inc.",0000919567,AMEX,,,,STAHL MURRAY,0001207097,President/Co-Portfolio Manager,false,true,true,P,360.0,2.62,943.2,124334.0,D,20766726.827630997,4.5418809031813e-05
2025-11-07,2025-11-10 00:00:00,0001437749-25-034028,RCG,"RENN Fund, Inc.",0000919567,AMEX,,,,STAHL MURRAY,0001207097,President/Co-Portfolio Manager,false,true,true,P,296.0,2.62,775.52,337962.0,I,20766726.827630997,3.734435409282402e-05
2025-11-07,2025-11-10 00:00:00,0001437749-25-034028,RCG,"RENN Fund, Inc.",0000919567,AMEX,,,,STAHL MURRAY,0001207097,President/Co-Portfolio Manager,false,true,true,P,180.0,2.62,471.6,305180.0,I,20766726.827630997,2.27094045159065e-05
2025-11-07,2025-11-10 00:00:00,0001437749-25-034028,RCG,"RENN Fund, Inc.",0000919567,AMEX,,,,STAHL MURRAY,0001207097,President/Co-Portfolio Manager,false,true,true,P,180.0,2.62,471.6,119928.0,I,20766726.827630997,2.27094045159065e-05
2025-11-07,2025-11-10 00:00:00,0001437749-25-034028,RCG,"RENN Fund, Inc.",0000919567,AMEX,,,,STAHL MURRAY,0001207097,President/Co-Portfolio Manager,false,true,true,P,82.0,2.62,214.84,60316.0,I,20766726.827630997,1.0345395390579627e-05
2025-11-07,2025-11-10 00:00:00,0001437749-25-034028,RCG,"RENN Fund, Inc.",0000919567,AMEX,,,,STAHL MURRAY,0001207097,President/Co-Portfolio Manager,false,true,true,P,18.0,2.62,47.160000000000004,10242.0,I,20766726.827630997,2.27094045159065e-06
2025-11-07,2025-11-10 00:00:00,0001437749-25-034028,RCG,"RENN Fund, Inc.",0000919567,AMEX,,,,STAHL MURRAY,0001207097,President/Co-Portfolio Manager,false,true,true,P,18.0,2.62,47.160000000000004,4166.0,I,20766726.827630997,2.27094045159065e-06
2025-11-06,2025-11-07 00:00:00,0001437749-25-033790,RCG,"RENN Fund, Inc.",0000919567,AMEX,,,,STAHL MURRAY,0001207097,President/Co-Portfolio Manager,false,true,true,P,360.0,2.61,939.5999999999999,123974.0,D,20766726.827630997,4.5245454798867144e-05
2025-11-06,2025-11-07 00:00:00,0001437749-25-033790,RCG,"RENN Fund, Inc.",0000919567,AMEX,,,,STAHL MURRAY,0001207097,President/Co-Portfolio Manager,false,true,true,P,296.0,2.61,772.56,337666.0,I,20766726.827630997,3.720181839017965e-05
2025-11-06,2025-11-07 00:00:00,0001437749-25-033790,RCG,"RENN Fund, Inc.",0000919567,AMEX,,,,STAHL MURRAY,0001207097,President/Co-Portfolio Manager,false,true,true,P,180.0,2.61,469.79999999999995,119748.0,I,20766726.827630997,2.2622727399433572e-05
2025-11-06,2025-11-07 00:00:00,0001437749-25-033790,RCG,"RENN Fund, Inc.",0000919567,AMEX,,,,STAHL MURRAY,0001207097,President/Co-Portfolio Manager,false,true,true,P,180.0,2.61,469.79999999999995,305000.0,I,20766726.827630997,2.2622727399433572e-05
2025-11-06,2025-11-07 00:00:00,0001437749-25-033790,RCG,"RENN Fund, Inc.",0000919567,AMEX,,,,STAHL MURRAY,0001207097,President/Co-Portfolio Manager,false,true,true,P,82.0,2.61,214.01999999999998,60234.0,I,20766726.827630997,1.0305909148630849e-05
2025-11-06,2025-11-07 00:00:00,0001437749-25-033790,RCG,"RENN Fund, Inc.",0000919567,AMEX,,,,STAHL MURRAY,0001207097,President/Co-Portfolio Manager,false,true,true,P,18.0,2.61,46.98,10224.0,I,20766726.827630997,2.2622727399433574e-06
2025-11-06,2025-11-07 00:00:00,0001437749-25-033790,RCG,"RENN Fund, Inc.",0000919567,AMEX,,,,STAHL MURRAY,0001207097,President/Co-Portfolio Manager,false,true,true,P,18.0,2.61,46.98,4148.0,I,20766726.827630997,2.2622727399433574e-06
2025-11-05,2025-11-06 00:00:00,0001437749-25-033508,RCG,"RENN Fund, Inc.",0000919567,AMEX,,,,STAHL MURRAY,0001207097,President/Co-Portfolio Manager,false,true,true,P,360.0,2.61,939.5999999999999,123614.0,D,20766726.827630997,4.5245454798867144e-05
2025-11-05,2025-11-06 00:00:00,0001437749-25-033508,RCG,"RENN Fund, Inc.",0000919567,AMEX,,,,STAHL MURRAY,0001207097,President/Co-Portfolio Manager,false,true,true,P,296.0,2.61,772.56,337370.0,I,20766726.827630997,3.720181839017965e-05
2025-11-05,2025-11-06 00:00:00,0001437749-25-033508,RCG,"RENN Fund, Inc.",0000919567,AMEX,,,,STAHL MURRAY,0001207097,President/Co-Portfolio Manager,false,true,true,P,180.0,2.61,469.79999999999995,119568.0,I,20766726.827630997,2.2622727399433572e-05
2025-11-05,2025-11-06 00:00:00,0001437749-25-033508,RCG,"RENN Fund, Inc.",0000919567,AMEX,,,,STAHL MURRAY,0001207097,President/Co-Portfolio Manager,false,true,true,P,180.0,2.61,469.79999999999995,304820.0,I,20766726.827630997,2.2622727399433572e-05
2025-11-05,2025-11-06 00:00:00,0001437749-25-033508,RCG,"RENN Fund, Inc.",0000919567,AMEX,,,,STAHL MURRAY,0001207097,President/Co-Portfolio Manager,false,true,true,P,82.0,2.61,214.01999999999998,60152.0,I,20766726.827630997,1.0305909148630849e-05
2025-11-05,2025-11-06 00:00:00,0001437749-25-033508,RCG,"RENN Fund, Inc.",0000919567,AMEX,,,,STAHL MURRAY,0001207097,President/Co-Portfolio Manager,false,true,true,P,18.0,2.61,46.98,10206.0,I,20766726.827630997,2.2622727399433574e-06
2025-11-05,2025-11-06 00:00:00,0001437749-25-033508,RCG,"RENN Fund, Inc.",0000919567,AMEX,,,,STAHL MURRAY,0001207097,President/Co-Portfolio Manager,false,true,true,P,18.0,2.61,46.98,4130.0,I,20766726.827630997,2.2622727399433574e-06
2025-11-04,2025-11-05 00:00:00,0001437749-25-033235,RCG,"RENN Fund, Inc.",0000919567,AMEX,,,,STAHL MURRAY,0001207097,President/Co-Portfolio Manager,false,true,true,P,360.0,2.6,936.0,123254.0,D,20766726.827630997,4.50721005659213e-05
2025-11-04,2025-11-05 00:00:00,0001437749-25-033235,RCG,"RENN Fund, Inc.",0000919567,AMEX,,,,STAHL MURRAY,0001207097,President/Co-Portfolio Manager,false,true,true,P,296.0,2.6,769.6,337074.0,I,20766726.827630997,3.705928268753529e-05
2025-11-04,2025-11-05 00:00:00,0001437749-25-033235,RCG,"RENN Fund, Inc.",0000919567,AMEX,,,,STAHL MURRAY,0001207097,President/Co-Portfolio Manager,false,true,true,P,180.0,2.6,468.0,119388.0,I,20766726.827630997,2.253605028296065e-05
2025-11-04,2025-11-05 00:00:00,0001437749-25-033235,RCG,"RENN Fund, Inc.",0000919567,AMEX,,,,STAHL MURRAY,0001207097,President/Co-Portfolio Manager,false,true,true,P,180.0,2.6,468.0,304640.0,I,20766726.827630997,2.253605028296065e-05
2025-11-04,2025-11-05 00:00:00,0001437749-25-033235,RCG,"RENN Fund, Inc.",0000919567,AMEX,,,,STAHL MURRAY,0001207097,President/Co-Portfolio Manager,false,true,true,P,82.0,2.6,213.20000000000002,60070.0,I,20766726.827630997,1.0266422906682074e-05
2025-11-04,2025-11-05 00:00:00,0001437749-25-033235,RCG,"RENN Fund, Inc.",0000919567,AMEX,,,,STAHL MURRAY,0001207097,President/Co-Portfolio Manager,false,true,true,P,18.0,2.6,46.800000000000004,4112.0,I,20766726.827630997,2.253605028296065e-06
2025-11-04,2025-11-05 00:00:00,0001437749-25-033235,RCG,"RENN Fund, Inc.",0000919567,AMEX,,,,STAHL MURRAY,0001207097,President/Co-Portfolio Manager,false,true,true,P,18.0,2.6,46.800000000000004,10188.0,I,20766726.827630997,2.253605028296065e-06
2025-11-03,2025-11-04 00:00:00,0001437749-25-032945,RCG,"RENN Fund, Inc.",0000919567,AMEX,,,,STAHL MURRAY,0001207097,President/Co-Portfolio Manager,false,true,true,P,360.0,2.6,936.0,122894.0,D,20766726.827630997,4.50721005659213e-05
2025-11-03,2025-11-04 00:00:00,0001437749-25-032945,RCG,"RENN Fund, Inc.",0000919567,AMEX,,,,STAHL MURRAY,0001207097,President/Co-Portfolio Manager,false,true,true,P,296.0,2.6,769.6,336778.0,I,20766726.827630997,3.705928268753529e-05
2025-11-03,2025-11-04 00:00:00,0001437749-25-032945,RCG,"RENN Fund, Inc.",0000919567,AMEX,,,,STAHL MURRAY,0001207097,President/Co-Portfolio Manager,false,true,true,P,180.0,2.6,468.0,119208.0,I,20766726.827630997,2.253605028296065e-05
2025-11-03,2025-11-04 00:00:00,0001437749-25-032945,RCG,"RENN Fund, Inc.",0000919567,AMEX,,,,STAHL MURRAY,0001207097,President/Co-Portfolio Manager,false,true,true,P,180.0,2.6,468.0,304460.0,I,20766726.827630997,2.253605028296065e-05
2025-11-03,2025-11-04 00:00:00,0001437749-25-032945,RCG,"RENN Fund, Inc.",0000919567,AMEX,,,,STAHL MURRAY,0001207097,President/Co-Portfolio Manager,false,true,true,P,82.0,2.6,213.20000000000002,59988.0,I,20766726.827630997,1.0266422906682074e-05
2025-11-03,2025-11-04 00:00:00,0001437749-25-032945,RCG,"RENN Fund, Inc.",0000919567,AMEX,,,,STAHL MURRAY,0001207097,President/Co-Portfolio Manager,false,true,true,P,18.0,2.6,46.800000000000004,4094.0,I,20766726.827630997,2.253605028296065e-06
2025-11-03,2025-11-04 00:00:00,0001437749-25-032945,RCG,"RENN Fund, Inc.",0000919567,AMEX,,,,STAHL MURRAY,0001207097,President/Co-Portfolio Manager,false,true,true,P,18.0,2.6,46.800000000000004,10170.0,I,20766726.827630997,2.253605028296065e-06
2025-10-31,2025-11-03 00:00:00,0001437749-25-032688,RCG,"RENN Fund, Inc.",0000919567,AMEX,,,,STAHL MURRAY,0001207097,President/Co-Portfolio Manager,false,true,true,P,360.0,2.62,943.2,122534.0,D,20766726.827630997,4.5418809031813e-05
2025-10-31,2025-11-03 00:00:00,0001437749-25-032688,RCG,"RENN Fund, Inc.",0000919567,AMEX,,,,STAHL MURRAY,0001207097,President/Co-Portfolio Manager,false,true,true,P,296.0,2.62,775.52,336482.0,I,20766726.827630997,3.734435409282402e-05
2025-10-31,2025-11-03 00:00:00,0001437749-25-032688,RCG,"RENN Fund, Inc.",0000919567,AMEX,,,,STAHL MURRAY,0001207097,President/Co-Portfolio Manager,false,true,true,P,180.0,2.62,471.6,304280.0,I,20766726.827630997,2.27094045159065e-05
2025-10-31,2025-11-03 00:00:00,0001437749-25-032688,RCG,"RENN Fund, Inc.",0000919567,AMEX,,,,STAHL MURRAY,0001207097,President/Co-Portfolio Manager,false,true,true,P,180.0,2.62,471.6,119028.0,I,20766726.827630997,2.27094045159065e-05
2025-10-31,2025-11-03 00:00:00,0001437749-25-032688,RCG,"RENN Fund, Inc.",0000919567,AMEX,,,,STAHL MURRAY,0001207097,President/Co-Portfolio Manager,false,true,true,P,82.0,2.62,214.84,59906.0,I,20766726.827630997,1.0345395390579627e-05
2025-10-31,2025-11-03 00:00:00,0001437749-25-032688,RCG,"RENN Fund, Inc.",0000919567,AMEX,,,,STAHL MURRAY,0001207097,President/Co-Portfolio Manager,false,true,true,P,18.0,2.62,47.160000000000004,10152.0,I,20766726.827630997,2.27094045159065e-06
2025-10-31,2025-11-03 00:00:00,0001437749-25-032688,RCG,"RENN Fund, Inc.",0000919567,AMEX,,,,STAHL MURRAY,0001207097,President/Co-Portfolio Manager,false,true,true,P,18.0,2.62,47.160000000000004,4076.0,I,20766726.827630997,2.27094045159065e-06
2025-10-30,2025-10-31 00:00:00,0001437749-25-032507,RCG,"RENN Fund, Inc.",0000919567,AMEX,,,,STAHL MURRAY,0001207097,President/Co-Portfolio Manager,false,true,true,P,360.0,2.6,936.0,122174.0,D,20766726.827630997,4.50721005659213e-05
2025-10-30,2025-10-31 00:00:00,0001437749-25-032507,RCG,"RENN Fund, Inc.",0000919567,AMEX,,,,STAHL MURRAY,0001207097,President/Co-Portfolio Manager,false,true,true,P,296.0,2.6,769.6,336186.0,I,20766726.827630997,3.705928268753529e-05
2025-10-30,2025-10-31 00:00:00,0001437749-25-032507,RCG,"RENN Fund, Inc.",0000919567,AMEX,,,,STAHL MURRAY,0001207097,President/Co-Portfolio Manager,false,true,true,P,180.0,2.6,468.0,304100.0,I,20766726.827630997,2.253605028296065e-05
2025-10-30,2025-10-31 00:00:00,0001437749-25-032507,RCG,"RENN Fund, Inc.",0000919567,AMEX,,,,STAHL MURRAY,0001207097,President/Co-Portfolio Manager,false,true,true,P,180.0,2.6,468.0,118848.0,I,20766726.827630997,2.253605028296065e-05
2025-10-30,2025-10-31 00:00:00,0001437749-25-032507,RCG,"RENN Fund, Inc.",0000919567,AMEX,,,,STAHL MURRAY,0001207097,President/Co-Portfolio Manager,false,true,true,P,82.0,2.6,213.20000000000002,59824.0,I,20766726.827630997,1.0266422906682074e-05
2025-10-30,2025-10-31 00:00:00,0001437749-25-032507,RCG,"RENN Fund, Inc.",0000919567,AMEX,,,,STAHL MURRAY,0001207097,President/Co-Portfolio Manager,false,true,true,P,18.0,2.6,46.800000000000004,4058.0,I,20766726.827630997,2.253605028296065e-06
2025-10-30,2025-10-31 00:00:00,0001437749-25-032507,RCG,"RENN Fund, Inc.",0000919567,AMEX,,,,STAHL MURRAY,0001207097,President/Co-Portfolio Manager,false,true,true,P,18.0,2.6,46.800000000000004,10134.0,I,20766726.827630997,2.253605028296065e-06
2025-10-29,2025-10-30 00:00:00,0001437749-25-032327,RCG,"RENN Fund, Inc.",0000919567,AMEX,,,,STAHL MURRAY,0001207097,President/Co-Portfolio Manager,false,true,true,P,360.0,2.62,943.2,121814.0,D,20766726.827630997,4.5418809031813e-05
2025-10-29,2025-10-30 00:00:00,0001437749-25-032327,RCG,"RENN Fund, Inc.",0000919567,AMEX,,,,STAHL MURRAY,0001207097,President/Co-Portfolio Manager,false,true,true,P,296.0,2.62,775.52,335890.0,I,20766726.827630997,3.734435409282402e-05
2025-10-29,2025-10-30 00:00:00,0001437749-25-032327,RCG,"RENN Fund, Inc.",0000919567,AMEX,,,,STAHL MURRAY,0001207097,President/Co-Portfolio Manager,false,true,true,P,180.0,2.62,471.6,303920.0,I,20766726.827630997,2.27094045159065e-05
2025-10-29,2025-10-30 00:00:00,0001437749-25-032327,RCG,"RENN Fund, Inc.",0000919567,AMEX,,,,STAHL MURRAY,0001207097,President/Co-Portfolio Manager,false,true,true,P,180.0,2.62,471.6,118668.0,I,20766726.827630997,2.27094045159065e-05
2025-10-29,2025-10-30 00:00:00,0001437749-25-032327,RCG,"RENN Fund, Inc.",0000919567,AMEX,,,,STAHL MURRAY,0001207097,President/Co-Portfolio Manager,false,true,true,P,82.0,2.62,214.84,59742.0,I,20766726.827630997,1.0345395390579627e-05
2025-10-29,2025-10-30 00:00:00,0001437749-25-032327,RCG,"RENN Fund, Inc.",0000919567,AMEX,,,,STAHL MURRAY,0001207097,President/Co-Portfolio Manager,false,true,true,P,18.0,2.62,47.160000000000004,10116.0,I,20766726.827630997,2.27094045159065e-06
2025-10-29,2025-10-30 00:00:00,0001437749-25-032327,RCG,"RENN Fund, Inc.",0000919567,AMEX,,,,STAHL MURRAY,0001207097,President/Co-Portfolio Manager,false,true,true,P,18.0,2.62,47.160000000000004,4040.0,I,20766726.827630997,2.27094045159065e-06
2025-10-28,2025-10-29 00:00:00,0001437749-25-032098,RCG,"RENN Fund, Inc.",0000919567,AMEX,,,,STAHL MURRAY,0001207097,President/Co-Portfolio Manager,false,true,true,P,360.0,2.62,943.2,121454.0,D,20766726.827630997,4.5418809031813e-05
2025-10-28,2025-10-29 00:00:00,0001437749-25-032098,RCG,"RENN Fund, Inc.",0000919567,AMEX,,,,STAHL MURRAY,0001207097,President/Co-Portfolio Manager,false,true,true,P,296.0,2.62,775.52,335594.0,I,20766726.827630997,3.734435409282402e-05
2025-10-28,2025-10-29 00:00:00,0001437749-25-032098,RCG,"RENN Fund, Inc.",0000919567,AMEX,,,,STAHL MURRAY,0001207097,President/Co-Portfolio Manager,false,true,true,P,180.0,2.62,471.6,303740.0,I,20766726.827630997,2.27094045159065e-05
2025-10-28,2025-10-29 00:00:00,0001437749-25-032098,RCG,"RENN Fund, Inc.",0000919567,AMEX,,,,STAHL MURRAY,0001207097,President/Co-Portfolio Manager,false,true,true,P,180.0,2.62,471.6,118488.0,I,20766726.827630997,2.27094045159065e-05
2025-10-28,2025-10-29 00:00:00,0001437749-25-032098,RCG,"RENN Fund, Inc.",0000919567,AMEX,,,,STAHL MURRAY,0001207097,President/Co-Portfolio Manager,false,true,true,P,82.0,2.62,214.84,59660.0,I,20766726.827630997,1.0345395390579627e-05
2025-10-28,2025-10-29 00:00:00,0001437749-25-032098,RCG,"RENN Fund, Inc.",0000919567,AMEX,,,,STAHL MURRAY,0001207097,President/Co-Portfolio Manager,false,true,true,P,18.0,2.62,47.160000000000004,10098.0,I,20766726.827630997,2.27094045159065e-06
2025-10-28,2025-10-29 00:00:00,0001437749-25-032098,RCG,"RENN Fund, Inc.",0000919567,AMEX,,,,STAHL MURRAY,0001207097,President/Co-Portfolio Manager,false,true,true,P,18.0,2.62,47.160000000000004,4022.0,I,20766726.827630997,2.27094045159065e-06
2025-10-27,2025-10-28 00:00:00,0001437749-25-031888,RCG,"RENN Fund, Inc.",0000919567,AMEX,,,,STAHL MURRAY,0001207097,President/Co-Portfolio Manager,false,true,true,P,360.0,2.58,928.8000000000001,121094.0,D,20766726.827630997,4.47253921000296e-05
2025-10-27,2025-10-28 00:00:00,0001437749-25-031888,RCG,"RENN Fund, Inc.",0000919567,AMEX,,,,STAHL MURRAY,0001207097,President/Co-Portfolio Manager,false,true,true,P,296.0,2.58,763.6800000000001,335298.0,I,20766726.827630997,3.677421128224656e-05
2025-10-27,2025-10-28 00:00:00,0001437749-25-031888,RCG,"RENN Fund, Inc.",0000919567,AMEX,,,,STAHL MURRAY,0001207097,President/Co-Portfolio Manager,false,true,true,P,180.0,2.58,464.40000000000003,118308.0,I,20766726.827630997,2.23626960500148e-05
2025-10-27,2025-10-28 00:00:00,0001437749-25-031888,RCG,"RENN Fund, Inc.",0000919567,AMEX,,,,STAHL MURRAY,0001207097,President/Co-Portfolio Manager,false,true,true,P,180.0,2.58,464.40000000000003,303560.0,I,20766726.827630997,2.23626960500148e-05
2025-10-27,2025-10-28 00:00:00,0001437749-25-031888,RCG,"RENN Fund, Inc.",0000919567,AMEX,,,,STAHL MURRAY,0001207097,President/Co-Portfolio Manager,false,true,true,P,82.0,2.58,211.56,59578.0,I,20766726.827630997,1.0187450422784519e-05
2025-10-27,2025-10-28 00:00:00,0001437749-25-031888,RCG,"RENN Fund, Inc.",0000919567,AMEX,,,,STAHL MURRAY,0001207097,President/Co-Portfolio Manager,false,true,true,P,18.0,2.58,46.44,4004.0,I,20766726.827630997,2.2362696050014796e-06
2025-10-27,2025-10-28 00:00:00,0001437749-25-031888,RCG,"RENN Fund, Inc.",0000919567,AMEX,,,,STAHL MURRAY,0001207097,President/Co-Portfolio Manager,false,true,true,P,18.0,2.58,46.44,10080.0,I,20766726.827630997,2.2362696050014796e-06
2025-10-24,2025-10-27 00:00:00,0001437749-25-031764,RCG,"RENN Fund, Inc.",0000919567,AMEX,,,,STAHL MURRAY,0001207097,President/Co-Portfolio Manager,false,true,true,P,360.0,2.62,943.2,120734.0,D,20766726.827630997,4.5418809031813e-05
2025-10-24,2025-10-27 00:00:00,0001437749-25-031764,RCG,"RENN Fund, Inc.",0000919567,AMEX,,,,STAHL MURRAY,0001207097,President/Co-Portfolio Manager,false,true,true,P,296.0,2.62,775.52,335002.0,I,20766726.827630997,3.734435409282402e-05
2025-10-24,2025-10-27 00:00:00,0001437749-25-031764,RCG,"RENN Fund, Inc.",0000919567,AMEX,,,,STAHL MURRAY,0001207097,President/Co-Portfolio Manager,false,true,true,P,180.0,2.62,471.6,303380.0,I,20766726.827630997,2.27094045159065e-05
2025-10-24,2025-10-27 00:00:00,0001437749-25-031764,RCG,"RENN Fund, Inc.",0000919567,AMEX,,,,STAHL MURRAY,0001207097,President/Co-Portfolio Manager,false,true,true,P,180.0,2.62,471.6,118128.0,I,20766726.827630997,2.27094045159065e-05
2025-10-24,2025-10-27 00:00:00,0001437749-25-031764,RCG,"RENN Fund, Inc.",0000919567,AMEX,,,,STAHL MURRAY,0001207097,President/Co-Portfolio Manager,false,true,true,P,82.0,2.62,214.84,59496.0,I,20766726.827630997,1.0345395390579627e-05
2025-10-24,2025-10-27 00:00:00,0001437749-25-031764,RCG,"RENN Fund, Inc.",0000919567,AMEX,,,,STAHL MURRAY,0001207097,President/Co-Portfolio Manager,false,true,true,P,18.0,2.62,47.160000000000004,10062.0,I,20766726.827630997,2.27094045159065e-06
2025-10-24,2025-10-27 00:00:00,0001437749-25-031764,RCG,"RENN Fund, Inc.",0000919567,AMEX,,,,STAHL MURRAY,0001207097,President/Co-Portfolio Manager,false,true,true,P,18.0,2.62,47.160000000000004,3986.0,I,20766726.827630997,2.27094045159065e-06
2025-10-23,2025-10-24 00:00:00,0001437749-25-031701,RCG,"RENN Fund, Inc.",0000919567,AMEX,,,,STAHL MURRAY,0001207097,President/Co-Portfolio Manager,false,true,true,P,360.0,2.61,939.5999999999999,120374.0,D,20766726.827630997,4.5245454798867144e-05
2025-10-23,2025-10-24 00:00:00,0001437749-25-031701,RCG,"RENN Fund, Inc.",0000919567,AMEX,,,,STAHL MURRAY,0001207097,President/Co-Portfolio Manager,false,true,true,P,296.0,2.61,772.56,334706.0,I,20766726.827630997,3.720181839017965e-05
2025-10-23,2025-10-24 00:00:00,0001437749-25-031701,RCG,"RENN Fund, Inc.",0000919567,AMEX,,,,STAHL MURRAY,0001207097,President/Co-Portfolio Manager,false,true,true,P,180.0,2.61,469.79999999999995,117948.0,I,20766726.827630997,2.2622727399433572e-05
2025-10-23,2025-10-24 00:00:00,0001437749-25-031701,RCG,"RENN Fund, Inc.",0000919567,AMEX,,,,STAHL MURRAY,0001207097,President/Co-Portfolio Manager,false,true,true,P,180.0,2.61,469.79999999999995,303200.0,I,20766726.827630997,2.2622727399433572e-05
2025-10-23,2025-10-24 00:00:00,0001437749-25-031701,RCG,"RENN Fund, Inc.",0000919567,AMEX,,,,STAHL MURRAY,0001207097,President/Co-Portfolio Manager,false,true,true,P,82.0,2.61,214.01999999999998,59414.0,I,20766726.827630997,1.0305909148630849e-05
2025-10-23,2025-10-24 00:00:00,0001437749-25-031701,RCG,"RENN Fund, Inc.",0000919567,AMEX,,,,STAHL MURRAY,0001207097,President/Co-Portfolio Manager,false,true,true,P,18.0,2.61,46.98,3968.0,I,20766726.827630997,2.2622727399433574e-06
2025-10-23,2025-10-24 00:00:00,0001437749-25-031701,RCG,"RENN Fund, Inc.",0000919567,AMEX,,,,STAHL MURRAY,0001207097,President/Co-Portfolio Manager,false,true,true,P,18.0,2.61,46.98,10044.0,I,20766726.827630997,2.2622727399433574e-06
2025-10-22,2025-10-23 00:00:00,0001437749-25-031587,RCG,"RENN Fund, Inc.",0000919567,AMEX,,,,STAHL MURRAY,0001207097,President/Co-Portfolio Manager,false,true,true,P,360.0,2.61,939.5999999999999,120014.0,D,20766726.827630997,4.5245454798867144e-05
2025-10-22,2025-10-23 00:00:00,0001437749-25-031587,RCG,"RENN Fund, Inc.",0000919567,AMEX,,,,STAHL MURRAY,0001207097,President/Co-Portfolio Manager,false,true,true,P,296.0,2.61,772.56,334410.0,I,20766726.827630997,3.720181839017965e-05
2025-10-22,2025-10-23 00:00:00,0001437749-25-031587,RCG,"RENN Fund, Inc.",0000919567,AMEX,,,,STAHL MURRAY,0001207097,President/Co-Portfolio Manager,false,true,true,P,180.0,2.61,469.79999999999995,117768.0,I,20766726.827630997,2.2622727399433572e-05
2025-10-22,2025-10-23 00:00:00,0001437749-25-031587,RCG,"RENN Fund, Inc.",0000919567,AMEX,,,,STAHL MURRAY,0001207097,President/Co-Portfolio Manager,false,true,true,P,180.0,2.61,469.79999999999995,303020.0,I,20766726.827630997,2.2622727399433572e-05
2025-10-22,2025-10-23 00:00:00,0001437749-25-031587,RCG,"RENN Fund, Inc.",0000919567,AMEX,,,,STAHL MURRAY,0001207097,President/Co-Portfolio Manager,false,true,true,P,82.0,2.61,214.01999999999998,59332.0,I,20766726.827630997,1.0305909148630849e-05
2025-10-22,2025-10-23 00:00:00,0001437749-25-031587,RCG,"RENN Fund, Inc.",0000919567,AMEX,,,,STAHL MURRAY,0001207097,President/Co-Portfolio Manager,false,true,true,P,18.0,2.61,46.98,3950.0,I,20766726.827630997,2.2622727399433574e-06
2025-10-22,2025-10-23 00:00:00,0001437749-25-031587,RCG,"RENN Fund, Inc.",0000919567,AMEX,,,,STAHL MURRAY,0001207097,President/Co-Portfolio Manager,false,true,true,P,18.0,2.61,46.98,10026.0,I,20766726.827630997,2.2622727399433574e-06
2025-10-21,2025-10-22 00:00:00,0001437749-25-031499,RCG,"RENN Fund, Inc.",0000919567,AMEX,,,,STAHL MURRAY,0001207097,President/Co-Portfolio Manager,false,true,true,P,360.0,2.6,936.0,119654.0,D,20766726.827630997,4.50721005659213e-05
2025-10-21,2025-10-22 00:00:00,0001437749-25-031499,RCG,"RENN Fund, Inc.",0000919567,AMEX,,,,STAHL MURRAY,0001207097,President/Co-Portfolio Manager,false,true,true,P,296.0,2.6,769.6,334114.0,I,20766726.827630997,3.705928268753529e-05
2025-10-21,2025-10-22 00:00:00,0001437749-25-031499,RCG,"RENN Fund, Inc.",0000919567,AMEX,,,,STAHL MURRAY,0001207097,President/Co-Portfolio Manager,false,true,true,P,180.0,2.6,468.0,302840.0,I,20766726.827630997,2.253605028296065e-05
2025-10-21,2025-10-22 00:00:00,0001437749-25-031499,RCG,"RENN Fund, Inc.",0000919567,AMEX,,,,STAHL MURRAY,0001207097,President/Co-Portfolio Manager,false,true,true,P,180.0,2.6,468.0,117588.0,I,20766726.827630997,2.253605028296065e-05
2025-10-21,2025-10-22 00:00:00,0001437749-25-031499,RCG,"RENN Fund, Inc.",0000919567,AMEX,,,,STAHL MURRAY,0001207097,President/Co-Portfolio Manager,false,true,true,P,82.0,2.6,213.20000000000002,59250.0,I,20766726.827630997,1.0266422906682074e-05
2025-10-21,2025-10-22 00:00:00,0001437749-25-031499,RCG,"RENN Fund, Inc.",0000919567,AMEX,,,,STAHL MURRAY,0001207097,President/Co-Portfolio Manager,false,true,true,P,18.0,2.6,46.800000000000004,10008.0,I,20766726.827630997,2.253605028296065e-06
2025-10-21,2025-10-22 00:00:00,0001437749-25-031499,RCG,"RENN Fund, Inc.",0000919567,AMEX,,,,STAHL MURRAY,0001207097,President/Co-Portfolio Manager,false,true,true,P,18.0,2.6,46.800000000000004,3932.0,I,20766726.827630997,2.253605028296065e-06
2025-10-20,2025-10-21 00:00:00,0001437749-25-031395,RCG,"RENN Fund, Inc.",0000919567,AMEX,,,,STAHL MURRAY,0001207097,President/Co-Portfolio Manager,false,true,true,P,360.0,2.61,939.5999999999999,119294.0,D,20766726.827630997,4.5245454798867144e-05
2025-10-20,2025-10-21 00:00:00,0001437749-25-031395,RCG,"RENN Fund, Inc.",0000919567,AMEX,,,,STAHL MURRAY,0001207097,President/Co-Portfolio Manager,false,true,true,P,296.0,2.61,772.56,333818.0,I,20766726.827630997,3.720181839017965e-05
2025-10-20,2025-10-21 00:00:00,0001437749-25-031395,RCG,"RENN Fund, Inc.",0000919567,AMEX,,,,STAHL MURRAY,0001207097,President/Co-Portfolio Manager,false,true,true,P,180.0,2.61,469.79999999999995,302660.0,I,20766726.827630997,2.2622727399433572e-05
2025-10-20,2025-10-21 00:00:00,0001437749-25-031395,RCG,"RENN Fund, Inc.",0000919567,AMEX,,,,STAHL MURRAY,0001207097,President/Co-Portfolio Manager,false,true,true,P,180.0,2.61,469.79999999999995,117408.0,I,20766726.827630997,2.2622727399433572e-05
2025-10-20,2025-10-21 00:00:00,0001437749-25-031395,RCG,"RENN Fund, Inc.",0000919567,AMEX,,,,STAHL MURRAY,0001207097,President/Co-Portfolio Manager,false,true,true,P,82.0,2.61,214.01999999999998,59168.0,I,20766726.827630997,1.0305909148630849e-05
2025-10-20,2025-10-21 00:00:00,0001437749-25-031395,RCG,"RENN Fund, Inc.",0000919567,AMEX,,,,STAHL MURRAY,0001207097,President/Co-Portfolio Manager,false,true,true,P,18.0,2.61,46.98,9990.0,I,20766726.827630997,2.2622727399433574e-06
2025-10-20,2025-10-21 00:00:00,0001437749-25-031395,RCG,"RENN Fund, Inc.",0000919567,AMEX,,,,STAHL MURRAY,0001207097,President/Co-Portfolio Manager,false,true,true,P,18.0,2.61,46.98,3914.0,I,20766726.827630997,2.2622727399433574e-06
2025-10-17,2025-10-20 00:00:00,0001437749-25-031316,RCG,"RENN Fund, Inc.",0000919567,AMEX,,,,STAHL MURRAY,0001207097,President/Co-Portfolio Manager,false,true,true,P,360.0,2.62,943.2,118934.0,D,20766726.827630997,4.5418809031813e-05
2025-10-17,2025-10-20 00:00:00,0001437749-25-031316,RCG,"RENN Fund, Inc.",0000919567,AMEX,,,,STAHL MURRAY,0001207097,President/Co-Portfolio Manager,false,true,true,P,296.0,2.62,775.52,333522.0,I,20766726.827630997,3.734435409282402e-05
2025-10-17,2025-10-20 00:00:00,0001437749-25-031316,RCG,"RENN Fund, Inc.",0000919567,AMEX,,,,STAHL MURRAY,0001207097,President/Co-Portfolio Manager,false,true,true,P,180.0,2.62,471.6,302480.0,I,20766726.827630997,2.27094045159065e-05
2025-10-17,2025-10-20 00:00:00,0001437749-25-031316,RCG,"RENN Fund, Inc.",0000919567,AMEX,,,,STAHL MURRAY,0001207097,President/Co-Portfolio Manager,false,true,true,P,180.0,2.62,471.6,117228.0,I,20766726.827630997,2.27094045159065e-05
2025-10-17,2025-10-20 00:00:00,0001437749-25-031316,RCG,"RENN Fund, Inc.",0000919567,AMEX,,,,STAHL MURRAY,0001207097,President/Co-Portfolio Manager,false,true,true,P,82.0,2.62,214.84,59086.0,I,20766726.827630997,1.0345395390579627e-05
2025-10-17,2025-10-20 00:00:00,0001437749-25-031316,RCG,"RENN Fund, Inc.",0000919567,AMEX,,,,STAHL MURRAY,0001207097,President/Co-Portfolio Manager,false,true,true,P,18.0,2.62,47.160000000000004,3896.0,I,20766726.827630997,2.27094045159065e-06
2025-10-17,2025-10-20 00:00:00,0001437749-25-031316,RCG,"RENN Fund, Inc.",0000919567,AMEX,,,,STAHL MURRAY,0001207097,President/Co-Portfolio Manager,false,true,true,P,18.0,2.62,47.160000000000004,9972.0,I,20766726.827630997,2.27094045159065e-06
2025-10-16,2025-10-17 00:00:00,0001437749-25-031214,RCG,"RENN Fund, Inc.",0000919567,AMEX,,,,STAHL MURRAY,0001207097,President/Co-Portfolio Manager,false,true,true,P,360.0,2.62,943.2,118574.0,D,20766726.827630997,4.5418809031813e-05
2025-10-16,2025-10-17 00:00:00,0001437749-25-031214,RCG,"RENN Fund, Inc.",0000919567,AMEX,,,,STAHL MURRAY,0001207097,President/Co-Portfolio Manager,false,true,true,P,296.0,2.62,775.52,333226.0,I,20766726.827630997,3.734435409282402e-05
2025-10-16,2025-10-17 00:00:00,0001437749-25-031214,RCG,"RENN Fund, Inc.",0000919567,AMEX,,,,STAHL MURRAY,0001207097,President/Co-Portfolio Manager,false,true,true,P,180.0,2.62,471.6,117048.0,I,20766726.827630997,2.27094045159065e-05
2025-10-16,2025-10-17 00:00:00,0001437749-25-031214,RCG,"RENN Fund, Inc.",0000919567,AMEX,,,,STAHL MURRAY,0001207097,President/Co-Portfolio Manager,false,true,true,P,180.0,2.62,471.6,302300.0,I,20766726.827630997,2.27094045159065e-05
2025-10-16,2025-10-17 00:00:00,0001437749-25-031214,RCG,"RENN Fund, Inc.",0000919567,AMEX,,,,STAHL MURRAY,0001207097,President/Co-Portfolio Manager,false,true,true,P,82.0,2.62,214.84,59004.0,I,20766726.827630997,1.0345395390579627e-05
2025-10-16,2025-10-17 00:00:00,0001437749-25-031214,RCG,"RENN Fund, Inc.",0000919567,AMEX,,,,STAHL MURRAY,0001207097,President/Co-Portfolio Manager,false,true,true,P,18.0,2.62,47.160000000000004,3878.0,I,20766726.827630997,2.27094045159065e-06
2025-10-16,2025-10-17 00:00:00,0001437749-25-031214,RCG,"RENN Fund, Inc.",0000919567,AMEX,,,,STAHL MURRAY,0001207097,President/Co-Portfolio Manager,false,true,true,P,18.0,2.62,47.160000000000004,9954.0,I,20766726.827630997,2.27094045159065e-06
2025-10-15,2025-10-16 00:00:00,0001437749-25-031126,RCG,"RENN Fund, Inc.",0000919567,AMEX,,,,STAHL MURRAY,0001207097,President/Co-Portfolio Manager,false,true,true,P,360.0,2.62,943.2,118214.0,D,20766726.827630997,4.5418809031813e-05
2025-10-15,2025-10-16 00:00:00,0001437749-25-031126,RCG,"RENN Fund, Inc.",0000919567,AMEX,,,,STAHL MURRAY,0001207097,President/Co-Portfolio Manager,false,true,true,P,296.0,2.62,775.52,332930.0,I,20766726.827630997,3.734435409282402e-05
2025-10-15,2025-10-16 00:00:00,0001437749-25-031126,RCG,"RENN Fund, Inc.",0000919567,AMEX,,,,STAHL MURRAY,0001207097,President/Co-Portfolio Manager,false,true,true,P,180.0,2.62,471.6,302120.0,I,20766726.827630997,2.27094045159065e-05
2025-10-15,2025-10-16 00:00:00,0001437749-25-031126,RCG,"RENN Fund, Inc.",0000919567,AMEX,,,,STAHL MURRAY,0001207097,President/Co-Portfolio Manager,false,true,true,P,180.0,2.62,471.6,116868.0,I,20766726.827630997,2.27094045159065e-05
2025-10-15,2025-10-16 00:00:00,0001437749-25-031126,RCG,"RENN Fund, Inc.",0000919567,AMEX,,,,STAHL MURRAY,0001207097,President/Co-Portfolio Manager,false,true,true,P,82.0,2.62,214.84,58922.0,I,20766726.827630997,1.0345395390579627e-05
2025-10-15,2025-10-16 00:00:00,0001437749-25-031126,RCG,"RENN Fund, Inc.",0000919567,AMEX,,,,STAHL MURRAY,0001207097,President/Co-Portfolio Manager,false,true,true,P,18.0,2.62,47.160000000000004,9936.0,I,20766726.827630997,2.27094045159065e-06
2025-10-15,2025-10-16 00:00:00,0001437749-25-031126,RCG,"RENN Fund, Inc.",0000919567,AMEX,,,,STAHL MURRAY,0001207097,President/Co-Portfolio Manager,false,true,true,P,18.0,2.62,47.160000000000004,3860.0,I,20766726.827630997,2.27094045159065e-06
2025-10-14,2025-10-15 00:00:00,0001437749-25-030983,RCG,"RENN Fund, Inc.",0000919567,AMEX,,,,STAHL MURRAY,0001207097,President/Co-Portfolio Manager,false,true,true,P,360.0,2.6,936.0,117854.0,D,20766726.827630997,4.50721005659213e-05
2025-10-14,2025-10-15 00:00:00,0001437749-25-030983,RCG,"RENN Fund, Inc.",0000919567,AMEX,,,,STAHL MURRAY,0001207097,President/Co-Portfolio Manager,false,true,true,P,296.0,2.6,769.6,332634.0,I,20766726.827630997,3.705928268753529e-05
2025-10-14,2025-10-15 00:00:00,0001437749-25-030983,RCG,"RENN Fund, Inc.",0000919567,AMEX,,,,STAHL MURRAY,0001207097,President/Co-Portfolio Manager,false,true,true,P,180.0,2.6,468.0,116688.0,I,20766726.827630997,2.253605028296065e-05
2025-10-14,2025-10-15 00:00:00,0001437749-25-030983,RCG,"RENN Fund, Inc.",0000919567,AMEX,,,,STAHL MURRAY,0001207097,President/Co-Portfolio Manager,false,true,true,P,180.0,2.6,468.0,301940.0,I,20766726.827630997,2.253605028296065e-05
2025-10-14,2025-10-15 00:00:00,0001437749-25-030983,RCG,"RENN Fund, Inc.",0000919567,AMEX,,,,STAHL MURRAY,0001207097,President/Co-Portfolio Manager,false,true,true,P,82.0,2.6,213.20000000000002,58840.0,I,20766726.827630997,1.0266422906682074e-05
2025-10-14,2025-10-15 00:00:00,0001437749-25-030983,RCG,"RENN Fund, Inc.",0000919567,AMEX,,,,STAHL MURRAY,0001207097,President/Co-Portfolio Manager,false,true,true,P,18.0,2.6,46.800000000000004,3842.0,I,20766726.827630997,2.253605028296065e-06
2025-10-14,2025-10-15 00:00:00,0001437749-25-030983,RCG,"RENN Fund, Inc.",0000919567,AMEX,,,,STAHL MURRAY,0001207097,President/Co-Portfolio Manager,false,true,true,P,18.0,2.6,46.800000000000004,9918.0,I,20766726.827630997,2.253605028296065e-06
2025-10-13,2025-10-14 00:00:00,0001437749-25-030902,RCG,"RENN Fund, Inc.",0000919567,AMEX,,,,STAHL MURRAY,0001207097,President/Co-Portfolio Manager,false,true,true,P,364.0,2.62,953.6800000000001,117494.0,D,20766726.827630997,4.5923462465499815e-05
2025-10-13,2025-10-14 00:00:00,0001437749-25-030902,RCG,"RENN Fund, Inc.",0000919567,AMEX,,,,STAHL MURRAY,0001207097,President/Co-Portfolio Manager,false,true,true,P,314.0,2.62,822.6800000000001,332338.0,I,20766726.827630997,3.9615294544414676e-05
2025-10-13,2025-10-14 00:00:00,0001437749-25-030902,RCG,"RENN Fund, Inc.",0000919567,AMEX,,,,STAHL MURRAY,0001207097,President/Co-Portfolio Manager,false,true,true,P,180.0,2.62,471.6,301760.0,I,20766726.827630997,2.27094045159065e-05
2025-10-13,2025-10-14 00:00:00,0001437749-25-030902,RCG,"RENN Fund, Inc.",0000919567,AMEX,,,,STAHL MURRAY,0001207097,President/Co-Portfolio Manager,false,true,true,P,180.0,2.62,471.6,116508.0,I,20766726.827630997,2.27094045159065e-05
2025-10-13,2025-10-14 00:00:00,0001437749-25-030902,RCG,"RENN Fund, Inc.",0000919567,AMEX,,,,STAHL MURRAY,0001207097,President/Co-Portfolio Manager,false,true,true,P,84.0,2.62,220.08,58758.0,I,20766726.827630997,1.0597722107423033e-05
2025-10-13,2025-10-14 00:00:00,0001437749-25-030902,RCG,"RENN Fund, Inc.",0000919567,AMEX,,,,STAHL MURRAY,0001207097,President/Co-Portfolio Manager,false,true,true,P,18.0,2.62,47.160000000000004,9900.0,I,20766726.827630997,2.27094045159065e-06
2025-10-13,2025-10-14 00:00:00,0001437749-25-030902,RCG,"RENN Fund, Inc.",0000919567,AMEX,,,,STAHL MURRAY,0001207097,President/Co-Portfolio Manager,false,true,true,P,18.0,2.62,47.160000000000004,3824.0,I,20766726.827630997,2.27094045159065e-06
2025-10-10,2025-10-14 00:00:00,0001437749-25-030902,RCG,"RENN Fund, Inc.",0000919567,AMEX,,,,STAHL MURRAY,0001207097,President/Co-Portfolio Manager,false,true,true,P,360.0,2.62,943.2,117130.0,D,20766726.827630997,4.5418809031813e-05
2025-10-10,2025-10-14 00:00:00,0001437749-25-030902,RCG,"RENN Fund, Inc.",0000919567,AMEX,,,,STAHL MURRAY,0001207097,President/Co-Portfolio Manager,false,true,true,P,296.0,2.62,775.52,332024.0,I,20766726.827630997,3.734435409282402e-05
2025-10-10,2025-10-14 00:00:00,0001437749-25-030902,RCG,"RENN Fund, Inc.",0000919567,AMEX,,,,STAHL MURRAY,0001207097,President/Co-Portfolio Manager,false,true,true,P,180.0,2.62,471.6,116328.0,I,20766726.827630997,2.27094045159065e-05
2025-10-10,2025-10-14 00:00:00,0001437749-25-030902,RCG,"RENN Fund, Inc.",0000919567,AMEX,,,,STAHL MURRAY,0001207097,President/Co-Portfolio Manager,false,true,true,P,180.0,2.62,471.6,301580.0,I,20766726.827630997,2.27094045159065e-05
2025-10-10,2025-10-14 00:00:00,0001437749-25-030902,RCG,"RENN Fund, Inc.",0000919567,AMEX,,,,STAHL MURRAY,0001207097,President/Co-Portfolio Manager,false,true,true,P,82.0,2.62,214.84,58674.0,I,20766726.827630997,1.0345395390579627e-05
2025-10-10,2025-10-14 00:00:00,0001437749-25-030902,RCG,"RENN Fund, Inc.",0000919567,AMEX,,,,STAHL MURRAY,0001207097,President/Co-Portfolio Manager,false,true,true,P,18.0,2.62,47.160000000000004,3806.0,I,20766726.827630997,2.27094045159065e-06
2025-10-10,2025-10-14 00:00:00,0001437749-25-030902,RCG,"RENN Fund, Inc.",0000919567,AMEX,,,,STAHL MURRAY,0001207097,President/Co-Portfolio Manager,false,true,true,P,18.0,2.62,47.160000000000004,9882.0,I,20766726.827630997,2.27094045159065e-06
2025-10-09,2025-10-10 00:00:00,0001437749-25-030820,RCG,"RENN Fund, Inc.",0000919567,AMEX,,,,STAHL MURRAY,0001207097,President/Co-Portfolio Manager,false,true,true,P,360.0,2.62,943.2,116770.0,D,20766726.827630997,4.5418809031813e-05
2025-10-09,2025-10-10 00:00:00,0001437749-25-030820,RCG,"RENN Fund, Inc.",0000919567,AMEX,,,,STAHL MURRAY,0001207097,President/Co-Portfolio Manager,false,true,true,P,296.0,2.62,775.52,331728.0,I,20766726.827630997,3.734435409282402e-05
2025-10-09,2025-10-10 00:00:00,0001437749-25-030820,RCG,"RENN Fund, Inc.",0000919567,AMEX,,,,STAHL MURRAY,0001207097,President/Co-Portfolio Manager,false,true,true,P,180.0,2.62,471.6,301400.0,I,20766726.827630997,2.27094045159065e-05
2025-10-09,2025-10-10 00:00:00,0001437749-25-030820,RCG,"RENN Fund, Inc.",0000919567,AMEX,,,,STAHL MURRAY,0001207097,President/Co-Portfolio Manager,false,true,true,P,180.0,2.62,471.6,116148.0,I,20766726.827630997,2.27094045159065e-05
2025-10-09,2025-10-10 00:00:00,0001437749-25-030820,RCG,"RENN Fund, Inc.",0000919567,AMEX,,,,STAHL MURRAY,0001207097,President/Co-Portfolio Manager,false,true,true,P,82.0,2.62,214.84,58592.0,I,20766726.827630997,1.0345395390579627e-05
2025-10-09,2025-10-10 00:00:00,0001437749-25-030820,RCG,"RENN Fund, Inc.",0000919567,AMEX,,,,STAHL MURRAY,0001207097,President/Co-Portfolio Manager,false,true,true,P,18.0,2.62,47.160000000000004,3788.0,I,20766726.827630997,2.27094045159065e-06
2025-10-09,2025-10-10 00:00:00,0001437749-25-030820,RCG,"RENN Fund, Inc.",0000919567,AMEX,,,,STAHL MURRAY,0001207097,President/Co-Portfolio Manager,false,true,true,P,18.0,2.62,47.160000000000004,9864.0,I,20766726.827630997,2.27094045159065e-06
2025-10-08,2025-10-09 00:00:00,0001437749-25-030756,RCG,"RENN Fund, Inc.",0000919567,AMEX,,,,STAHL MURRAY,0001207097,President/Co-Portfolio Manager,false,true,true,P,360.0,2.62,943.2,116410.0,D,20766726.827630997,4.5418809031813e-05
2025-10-08,2025-10-09 00:00:00,0001437749-25-030756,RCG,"RENN Fund, Inc.",0000919567,AMEX,,,,STAHL MURRAY,0001207097,President/Co-Portfolio Manager,false,true,true,P,296.0,2.62,775.52,331432.0,I,20766726.827630997,3.734435409282402e-05
2025-10-08,2025-10-09 00:00:00,0001437749-25-030756,RCG,"RENN Fund, Inc.",0000919567,AMEX,,,,STAHL MURRAY,0001207097,President/Co-Portfolio Manager,false,true,true,P,180.0,2.62,471.6,115968.0,I,20766726.827630997,2.27094045159065e-05
2025-10-08,2025-10-09 00:00:00,0001437749-25-030756,RCG,"RENN Fund, Inc.",0000919567,AMEX,,,,STAHL MURRAY,0001207097,President/Co-Portfolio Manager,false,true,true,P,180.0,2.62,471.6,301220.0,I,20766726.827630997,2.27094045159065e-05
2025-10-08,2025-10-09 00:00:00,0001437749-25-030756,RCG,"RENN Fund, Inc.",0000919567,AMEX,,,,STAHL MURRAY,0001207097,President/Co-Portfolio Manager,false,true,true,P,82.0,2.62,214.84,58510.0,I,20766726.827630997,1.0345395390579627e-05
2025-10-08,2025-10-09 00:00:00,0001437749-25-030756,RCG,"RENN Fund, Inc.",0000919567,AMEX,,,,STAHL MURRAY,0001207097,President/Co-Portfolio Manager,false,true,true,P,18.0,2.62,47.160000000000004,3770.0,I,20766726.827630997,2.27094045159065e-06
2025-10-08,2025-10-09 00:00:00,0001437749-25-030756,RCG,"RENN Fund, Inc.",0000919567,AMEX,,,,STAHL MURRAY,0001207097,President/Co-Portfolio Manager,false,true,true,P,18.0,2.62,47.160000000000004,9846.0,I,20766726.827630997,2.27094045159065e-06
2025-10-07,2025-10-08 00:00:00,0001437749-25-030683,RCG,"RENN Fund, Inc.",0000919567,AMEX,,,,STAHL MURRAY,0001207097,President/Co-Portfolio Manager,false,true,true,P,360.0,2.62,943.2,116050.0,D,20766726.827630997,4.5418809031813e-05
2025-10-07,2025-10-08 00:00:00,0001437749-25-030683,RCG,"RENN Fund, Inc.",0000919567,AMEX,,,,STAHL MURRAY,0001207097,President/Co-Portfolio Manager,false,true,true,P,296.0,2.62,775.52,331136.0,I,20766726.827630997,3.734435409282402e-05
2025-10-07,2025-10-08 00:00:00,0001437749-25-030683,RCG,"RENN Fund, Inc.",0000919567,AMEX,,,,STAHL MURRAY,0001207097,President/Co-Portfolio Manager,false,true,true,P,180.0,2.62,471.6,301040.0,I,20766726.827630997,2.27094045159065e-05
2025-10-07,2025-10-08 00:00:00,0001437749-25-030683,RCG,"RENN Fund, Inc.",0000919567,AMEX,,,,STAHL MURRAY,0001207097,President/Co-Portfolio Manager,false,true,true,P,180.0,2.62,471.6,115788.0,I,20766726.827630997,2.27094045159065e-05
2025-10-07,2025-10-08 00:00:00,0001437749-25-030683,RCG,"RENN Fund, Inc.",0000919567,AMEX,,,,STAHL MURRAY,0001207097,President/Co-Portfolio Manager,false,true,true,P,82.0,2.62,214.84,58428.0,I,20766726.827630997,1.0345395390579627e-05
2025-10-07,2025-10-08 00:00:00,0001437749-25-030683,RCG,"RENN Fund, Inc.",0000919567,AMEX,,,,STAHL MURRAY,0001207097,President/Co-Portfolio Manager,false,true,true,P,18.0,2.62,47.160000000000004,9828.0,I,20766726.827630997,2.27094045159065e-06
2025-10-07,2025-10-08 00:00:00,0001437749-25-030683,RCG,"RENN Fund, Inc.",0000919567,AMEX,,,,STAHL MURRAY,0001207097,President/Co-Portfolio Manager,false,true,true,P,18.0,2.62,47.160000000000004,3752.0,I,20766726.827630997,2.27094045159065e-06
2025-10-06,2025-10-07 00:00:00,0001437749-25-030591,RCG,"RENN Fund, Inc.",0000919567,AMEX,,,,STAHL MURRAY,0001207097,President/Co-Portfolio Manager,false,true,true,P,360.0,2.62,943.2,115690.0,D,20766726.827630997,4.5418809031813e-05
2025-10-06,2025-10-07 00:00:00,0001437749-25-030591,RCG,"RENN Fund, Inc.",0000919567,AMEX,,,,STAHL MURRAY,0001207097,President/Co-Portfolio Manager,false,true,true,P,296.0,2.62,775.52,330840.0,I,20766726.827630997,3.734435409282402e-05
2025-10-06,2025-10-07 00:00:00,0001437749-25-030591,RCG,"RENN Fund, Inc.",0000919567,AMEX,,,,STAHL MURRAY,0001207097,President/Co-Portfolio Manager,false,true,true,P,180.0,2.62,471.6,300860.0,I,20766726.827630997,2.27094045159065e-05
2025-10-06,2025-10-07 00:00:00,0001437749-25-030591,RCG,"RENN Fund, Inc.",0000919567,AMEX,,,,STAHL MURRAY,0001207097,President/Co-Portfolio Manager,false,true,true,P,180.0,2.62,471.6,115608.0,I,20766726.827630997,2.27094045159065e-05
2025-10-06,2025-10-07 00:00:00,0001437749-25-030591,RCG,"RENN Fund, Inc.",0000919567,AMEX,,,,STAHL MURRAY,0001207097,President/Co-Portfolio Manager,false,true,true,P,82.0,2.62,214.84,58346.0,I,20766726.827630997,1.0345395390579627e-05
2025-10-06,2025-10-07 00:00:00,0001437749-25-030591,RCG,"RENN Fund, Inc.",0000919567,AMEX,,,,STAHL MURRAY,0001207097,President/Co-Portfolio Manager,false,true,true,P,18.0,2.62,47.160000000000004,3734.0,I,20766726.827630997,2.27094045159065e-06
2025-10-06,2025-10-07 00:00:00,0001437749-25-030591,RCG,"RENN Fund, Inc.",0000919567,AMEX,,,,STAHL MURRAY,0001207097,President/Co-Portfolio Manager,false,true,true,P,18.0,2.62,47.160000000000004,9810.0,I,20766726.827630997,2.27094045159065e-06
2025-10-03,2025-10-06 00:00:00,0001437749-25-030510,RCG,"RENN Fund, Inc.",0000919567,AMEX,,,,STAHL MURRAY,0001207097,President/Co-Portfolio Manager,false,true,true,P,360.0,2.62,943.2,115330.0,D,20766726.827630997,4.5418809031813e-05
2025-10-03,2025-10-06 00:00:00,0001437749-25-030510,RCG,"RENN Fund, Inc.",0000919567,AMEX,,,,STAHL MURRAY,0001207097,President/Co-Portfolio Manager,false,true,true,P,296.0,2.62,775.52,330544.0,I,20766726.827630997,3.734435409282402e-05
2025-10-03,2025-10-06 00:00:00,0001437749-25-030510,RCG,"RENN Fund, Inc.",0000919567,AMEX,,,,STAHL MURRAY,0001207097,President/Co-Portfolio Manager,false,true,true,P,180.0,2.62,471.6,115428.0,I,20766726.827630997,2.27094045159065e-05
2025-10-03,2025-10-06 00:00:00,0001437749-25-030510,RCG,"RENN Fund, Inc.",0000919567,AMEX,,,,STAHL MURRAY,0001207097,President/Co-Portfolio Manager,false,true,true,P,180.0,2.62,471.6,300680.0,I,20766726.827630997,2.27094045159065e-05
2025-10-03,2025-10-06 00:00:00,0001437749-25-030510,RCG,"RENN Fund, Inc.",0000919567,AMEX,,,,STAHL MURRAY,0001207097,President/Co-Portfolio Manager,false,true,true,P,82.0,2.62,214.84,58264.0,I,20766726.827630997,1.0345395390579627e-05
2025-10-03,2025-10-06 00:00:00,0001437749-25-030510,RCG,"RENN Fund, Inc.",0000919567,AMEX,,,,STAHL MURRAY,0001207097,President/Co-Portfolio Manager,false,true,true,P,18.0,2.62,47.160000000000004,3716.0,I,20766726.827630997,2.27094045159065e-06
2025-10-03,2025-10-06 00:00:00,0001437749-25-030510,RCG,"RENN Fund, Inc.",0000919567,AMEX,,,,STAHL MURRAY,0001207097,President/Co-Portfolio Manager,false,true,true,P,18.0,2.62,47.160000000000004,9792.0,I,20766726.827630997,2.27094045159065e-06
2025-10-02,2025-10-03 00:00:00,0001437749-25-030419,RCG,"RENN Fund, Inc.",0000919567,AMEX,,,,STAHL MURRAY,0001207097,President/Co-Portfolio Manager,false,true,true,P,360.0,2.61,939.5999999999999,114970.0,D,20766726.827630997,4.5245454798867144e-05
2025-10-02,2025-10-03 00:00:00,0001437749-25-030419,RCG,"RENN Fund, Inc.",0000919567,AMEX,,,,STAHL MURRAY,0001207097,President/Co-Portfolio Manager,false,true,true,P,296.0,2.61,772.56,330248.0,I,20766726.827630997,3.720181839017965e-05
2025-10-02,2025-10-03 00:00:00,0001437749-25-030419,RCG,"RENN Fund, Inc.",0000919567,AMEX,,,,STAHL MURRAY,0001207097,President/Co-Portfolio Manager,false,true,true,P,180.0,2.61,469.79999999999995,115248.0,I,20766726.827630997,2.2622727399433572e-05
2025-10-02,2025-10-03 00:00:00,0001437749-25-030419,RCG,"RENN Fund, Inc.",0000919567,AMEX,,,,STAHL MURRAY,0001207097,President/Co-Portfolio Manager,false,true,true,P,180.0,2.61,469.79999999999995,300500.0,I,20766726.827630997,2.2622727399433572e-05
2025-10-02,2025-10-03 00:00:00,0001437749-25-030419,RCG,"RENN Fund, Inc.",0000919567,AMEX,,,,STAHL MURRAY,0001207097,President/Co-Portfolio Manager,false,true,true,P,82.0,2.61,214.01999999999998,58182.0,I,20766726.827630997,1.0305909148630849e-05
2025-10-02,2025-10-03 00:00:00,0001437749-25-030419,RCG,"RENN Fund, Inc.",0000919567,AMEX,,,,STAHL MURRAY,0001207097,President/Co-Portfolio Manager,false,true,true,P,18.0,2.61,46.98,3698.0,I,20766726.827630997,2.2622727399433574e-06
2025-10-02,2025-10-03 00:00:00,0001437749-25-030419,RCG,"RENN Fund, Inc.",0000919567,AMEX,,,,STAHL MURRAY,0001207097,President/Co-Portfolio Manager,false,true,true,P,18.0,2.61,46.98,9774.0,I,20766726.827630997,2.2622727399433574e-06
